tower_id,state,n_corrective_36mo,months_in_service,lambda_true,needed_corrective_maintenance
MY_W1315123577,Kedah,15,36.0,17.274157,1
MY_N9455370923,Kedah,0,36.0,0.240473,0
MY_N13326193730,Kedah,22,36.0,25.715705,1
MY_W1321815854,Kedah,0,36.0,0.352787,0
MY_N10722696333,Kedah,2,36.0,1.031544,1
MY_W1316153148,Kedah,0,36.0,0.000115,0
MY_W1316153129,Kedah,0,36.0,3e-06,0
MY_W1316153146,Kedah,0,36.0,0.002512,0
MY_W1317650252,Perlis,23,36.0,24.394384,1
MY_N4541585270,Kedah,0,36.0,0.129747,0
MY_N10736133691,Penang,6,36.0,6.476475,1
MY_N11691138451,Perlis,0,36.0,2e-06,0
MY_N11302586992,Penang,0,36.0,4e-06,0
MY_N13961444689,Penang,0,36.0,2e-06,0
MY_N6828231262,Penang,0,36.0,0.0,0
MY_N11302586991,Penang,0,36.0,0.000381,0
MY_N13961263910,Penang,0,36.0,5e-06,0
MY_N13979312124,Kedah,38,36.0,28.739878,1
MY_N13967382742,Penang,0,36.0,4.5e-05,0
MY_N13967382741,Penang,0,36.0,0.0,0
MY_N7016316628,Penang,0,36.0,0.000447,0
MY_N7041239295,Penang,0,36.0,0.022338,0
MY_N1656847453,Penang,0,36.0,0.001686,0
MY_N9134432003,Penang,0,36.0,0.001794,0
MY_N6192657329,Kedah,4,36.0,2.503898,1
MY_N9150548693,Penang,0,36.0,0.003101,0
MY_N9116081582,Penang,0,36.0,4.8e-05,0
MY_N3341958144,Kedah,0,36.0,0.160218,0
MY_N5242116831,Kedah,0,36.0,0.000658,0
MY_N6154919249,Kedah,0,36.0,0.099689,0
MY_N3341958135,Kedah,1,36.0,0.880864,1
MY_N10591046691,Kedah,0,36.0,2.7e-05,0
MY_N7568527411,Kedah,0,36.0,0.260853,0
MY_N4859059453,Kedah,0,36.0,0.003161,0
MY_N8811444133,Kedah,0,36.0,0.000277,0
MY_N7568524744,Kedah,0,36.0,0.031466,0
MY_N6157011103,Kedah,6,36.0,6.514209,1
MY_N6418052180,Penang,0,36.0,0.000406,0
MY_N9035698652,Kedah,0,36.0,0.06883,0
MY_N8356509387,unassigned,0,36.0,0.026106,0
MY_N6406328430,Penang,0,36.0,0.000192,0
MY_N4775194882,Kedah,3,36.0,1.077353,1
MY_N4775194881,Kedah,0,36.0,0.971541,0
MY_N7574291535,Kedah,0,36.0,0.0021,0
MY_N6039478983,Kedah,16,36.0,24.28289,1
MY_N13404129716,Penang,0,36.0,0.159044,0
MY_W1085859464,Penang,0,36.0,0.000261,0
MY_N3365342814,Kedah,0,36.0,0.081884,0
MY_N9037393722,Penang,0,36.0,0.014564,0
MY_N2526527663,Kedah,0,36.0,0.015152,0
MY_N2526527678,Kedah,0,36.0,0.000201,0
MY_W1311505864,Penang,0,36.0,0.001086,0
MY_N4955138177,Penang,0,36.0,0.031247,0
MY_N5395408067,Kedah,0,36.0,0.0,0
MY_W390112561,Kedah,0,36.0,0.032404,0
MY_N2888308600,Kedah,0,36.0,0.048085,0
MY_N4195769900,Kedah,0,36.0,0.003104,0
MY_N4625586068,Penang,1,36.0,0.327806,1
MY_N4625586066,Penang,0,36.0,0.119208,0
MY_W1311793313,Kedah,0,36.0,0.000697,0
MY_N4625627407,Penang,0,36.0,0.082982,0
MY_W1311793315,Kedah,0,36.0,0.030325,0
MY_W1311793314,Kedah,9,36.0,11.711092,1
MY_N4567112599,Kedah,0,36.0,0.001742,0
MY_N4625637084,Kedah,0,36.0,0.000683,0
MY_W1311840962,Kedah,0,36.0,0.018292,0
MY_W1311840972,Kedah,0,36.0,0.000231,0
MY_N3604853933,Kedah,0,36.0,0.000108,0
MY_N4955138206,Penang,0,36.0,0.016305,0
MY_N4760131971,Kedah,0,36.0,0.011736,0
MY_N4573203388,Penang,0,36.0,0.00033,0
MY_N5952916379,Penang,0,36.0,0.002447,0
MY_N4612165249,Kedah,0,36.0,4.6e-05,0
MY_N8825706826,Penang,13,36.0,10.272739,1
MY_W879207161,Perak,5,36.0,6.649493,1
MY_N5646827136,Kedah,0,36.0,3e-06,0
MY_N4560309077,Penang,0,36.0,0.102277,0
MY_N4758418627,Kedah,1,36.0,1.132507,1
MY_N5931380383,Penang,0,36.0,5e-06,0
MY_N4560309078,Penang,0,36.0,2e-06,0
MY_N5931380384,Penang,0,36.0,0.00429,0
MY_N14135289964,Kedah,0,36.0,0.000107,0
MY_N12434275222,Kedah,0,36.0,0.01773,0
MY_N12434275187,Kedah,0,36.0,0.034894,0
MY_N4952889109,Kedah,0,36.0,0.000157,0
MY_N7049747274,Kedah,0,36.0,0.009812,0
MY_N4218038791,Kedah,0,36.0,0.0,0
MY_N7003374699,Kedah,0,36.0,1.6e-05,0
MY_N12397225227,Kedah,0,36.0,0.074339,0
MY_N12397225226,Kedah,0,36.0,1.7e-05,0
MY_N12397225225,Kedah,0,36.0,0.022057,0
MY_N12397225228,Kedah,0,36.0,0.0,0
MY_N12397225224,Kedah,0,36.0,0.164583,0
MY_N12397225229,Kedah,0,36.0,0.0,0
MY_N12432739231,Kedah,0,36.0,1.2e-05,0
MY_N12397225230,Kedah,0,36.0,0.044121,0
MY_N12397225231,Kedah,0,36.0,1.6e-05,0
MY_N12397225232,Kedah,0,36.0,5.7e-05,0
MY_N12432739232,Kedah,0,36.0,0.00049,0
MY_N12397225233,Kedah,0,36.0,1e-06,0
MY_N12432739233,Kedah,0,36.0,7.3e-05,0
MY_N506433555,Perak,35,36.0,25.141297,1
MY_N12432739234,Kedah,0,36.0,5e-06,0
MY_N12717488852,Perak,0,36.0,0.000768,0
MY_N6795232571,Kedah,0,36.0,3e-06,0
MY_W1312400607,Kedah,0,36.0,0.004232,0
MY_W1312400606,Kedah,0,36.0,0.01075,0
MY_W1312400608,Kedah,0,36.0,0.000789,0
MY_W1312840745,Kedah,0,36.0,2.7e-05,0
MY_W1312840761,Kedah,0,36.0,0.000143,0
MY_N5392512623,Perak,0,36.0,0.003428,0
MY_N11399381206,Perak,0,36.0,0.000958,0
MY_W1274670480,Perak,3,36.0,2.250983,1
MY_N12441857996,Kedah,0,36.0,4.8e-05,0
MY_N3720185425,Kedah,0,36.0,0.007996,0
MY_N3234716501,Perak,0,36.0,0.029214,0
MY_N7567968606,Kedah,0,36.0,0.0004,0
MY_W1165977860,Perak,0,36.0,0.001584,0
MY_N8090717866,Perak,0,36.0,0.000769,0
MY_N8091057340,Perak,0,36.0,0.00014,0
MY_N8091061663,Perak,1,36.0,0.20443,1
MY_N7594127522,Kedah,0,36.0,0.312897,0
MY_W1254490022,Perak,0,36.0,0.006709,0
MY_W1254490023,Perak,0,36.0,1.4e-05,0
MY_W1254490021,Perak,0,36.0,0.061039,0
MY_N12497506008,Kedah,0,36.0,0.596053,0
MY_N12968711538,Perak,2,36.0,2.284458,1
MY_N12458638891,Kedah,0,36.0,0.027146,0
MY_N4928415626,Kedah,0,36.0,1e-06,0
MY_N11766381937,Perak,0,36.0,0.005699,0
MY_N1727292934,Perak,0,36.0,3.9e-05,0
MY_N3782301332,Perak,0,36.0,0.20096,0
MY_N6130994429,Kedah,0,36.0,9e-05,0
MY_W1122921707,Perak,0,36.0,0.000147,0
MY_W1255218612,Perak,0,36.0,0.000972,0
MY_W1255218611,Perak,0,36.0,0.000314,0
MY_W1122921706,Perak,0,36.0,0.004312,0
MY_W1255218623,Perak,0,36.0,0.00129,0
MY_W1122921708,Perak,0,36.0,0.000671,0
MY_W1255218617,Perak,0,36.0,0.003804,0
MY_W1255218618,Perak,0,36.0,0.005256,0
MY_W1255218619,Perak,0,36.0,0.373005,0
MY_N8085760113,Perak,0,36.0,0.037944,0
MY_N8095997576,Perak,0,36.0,6e-05,0
MY_N8106032860,Perak,0,36.0,4.3e-05,0
MY_N7417373280,Perak,0,36.0,0.0,0
MY_N8263445806,Perak,0,36.0,0.030115,0
MY_N8263445804,Perak,0,36.0,0.676867,0
MY_N8263445805,Perak,0,36.0,0.019829,0
MY_N8263445803,Perak,0,36.0,0.023817,0
MY_N8099999650,Perak,0,36.0,1.4e-05,0
MY_N7923607620,Perak,0,36.0,1.8e-05,0
MY_N11221657074,Perak,0,36.0,6.5e-05,0
MY_N8066614434,Perak,0,36.0,0.014785,0
MY_N8068563589,Perak,3,36.0,3.970643,1
MY_N5380592531,Perak,0,36.0,1.940725,0
MY_N2419619291,Selangor,0,36.0,6e-06,0
MY_N9938117617,Selangor,0,36.0,1.42028,0
MY_W1144244595,Perak,0,36.0,0.028279,0
MY_N8221431663,Perak,0,36.0,0.02722,0
MY_N11738300326,Selangor,20,36.0,18.551574,1
MY_W1259361634,Perak,0,36.0,0.090501,0
MY_N14031280271,Perak,0,36.0,4.3e-05,0
MY_N12603668089,Selangor,23,36.0,23.559099,1
MY_N5230359448,Perak,0,36.0,0.110797,0
MY_N8513142479,Selangor,0,36.0,0.005513,0
MY_N13331200729,Pahang,1,36.0,0.517528,1
MY_N12988846941,Pahang,0,36.0,0.041917,0
MY_N11361040488,Pahang,0,36.0,0.052854,0
MY_N4282405794,Pahang,0,36.0,0.070884,0
MY_N1989261313,Pahang,0,36.0,2.498502,0
MY_N4688736584,Pahang,0,36.0,0.1161,0
MY_N10230275358,Selangor,0,36.0,0.058649,0
MY_N12531429458,Selangor,19,36.0,20.29726,1
MY_N8659560397,Selangor,2,36.0,2.07255,1
MY_W1261862989,Perak,0,36.0,0.002588,0
MY_N8148777715,Selangor,0,36.0,0.102503,0
MY_N10224694924,Selangor,0,36.0,0.065367,0
MY_N12717364277,Selangor,0,36.0,0.055008,0
MY_W1258156597,Perak,0,36.0,0.001828,0
MY_N8088772324,Selangor,0,36.0,0.271373,0
MY_N10230298029,Selangor,0,36.0,0.010252,0
MY_N12926409708,Pahang,0,36.0,2.412704,0
MY_N8008855555,Selangor,1,36.0,0.227853,1
MY_W1552737108,Selangor,0,36.0,4e-06,0
MY_N12038575594,Selangor,0,36.0,0.013133,0
MY_N8490772188,Selangor,0,36.0,0.021121,0
MY_N8201683420,Selangor,0,36.0,0.002652,0
MY_N8202178174,Selangor,0,36.0,0.027535,0
MY_N12927458268,Selangor,0,36.0,0.009413,0
MY_N8009459244,Selangor,1,36.0,0.782443,1
MY_N8487785684,Selangor,0,36.0,0.007789,0
MY_N8487785683,Selangor,0,36.0,1.1e-05,0
MY_N8006989819,Selangor,0,36.0,0.668615,0
MY_N8125185377,Selangor,0,36.0,0.002218,0
MY_N8044656639,Selangor,7,36.0,3.412394,1
MY_N8148264450,Selangor,0,36.0,0.000307,0
MY_N10317040484,Selangor,0,36.0,0.000104,0
MY_N8044687304,Selangor,1,36.0,0.586389,1
MY_N8044671936,Selangor,0,36.0,0.17638,0
MY_N8044156760,Selangor,1,36.0,2.789624,1
MY_N10923563956,Selangor,0,36.0,0.012622,0
MY_N8143719855,Selangor,0,36.0,0.0,0
MY_N5599579030,Selangor,0,36.0,1.4e-05,0
MY_N8281177692,Selangor,0,36.0,0.005802,0
MY_N10672756622,Selangor,0,36.0,0.299166,0
MY_N8044980541,Selangor,27,36.0,28.793788,1
MY_N403749609,Selangor,0,36.0,0.000523,0
MY_N5453636981,Selangor,0,36.0,0.022681,0
MY_N4069889954,Selangor,3,36.0,1.825148,1
MY_N4749127191,Selangor,0,36.0,4.5e-05,0
MY_N8044342361,Selangor,0,36.0,0.000249,0
MY_N12042056319,Selangor,0,36.0,0.051983,0
MY_W972995057,Perak,0,36.0,0.000143,0
MY_N5788369100,Selangor,0,36.0,0.0,0
MY_N5788369099,Selangor,0,36.0,1.4e-05,0
MY_N8089011204,Perak,0,36.0,0.000117,0
MY_W1230312032,Selangor,0,36.0,0.0,0
MY_N4124017619,Selangor,0,36.0,3e-06,0
MY_N4225703452,Selangor,0,36.0,0.002582,0
MY_N4124017453,Selangor,0,36.0,0.000278,0
MY_N4124017454,Selangor,0,36.0,2.8e-05,0
MY_N4124069725,Selangor,0,36.0,6.2e-05,0
MY_N4124069726,Selangor,0,36.0,3e-05,0
MY_W1364627838,Selangor,0,36.0,5e-06,0
MY_N8385914978,Selangor,0,36.0,0.006683,0
MY_N4124069727,Selangor,0,36.0,0.000689,0
MY_N4124069728,Selangor,0,36.0,0.000283,0
MY_N8141381598,Selangor,0,36.0,1e-06,0
MY_N4124069729,Selangor,0,36.0,1.6e-05,0
MY_N11358783333,Selangor,0,36.0,0.002623,0
MY_N4124069730,Selangor,0,36.0,2.8e-05,0
MY_N11975720519,Selangor,0,36.0,0.000594,0
MY_W1258179518,Perak,0,36.0,0.002749,0
MY_W1286305455,Selangor,0,36.0,0.016031,0
MY_W1286305456,Selangor,0,36.0,0.035881,0
MY_N8141531800,Selangor,0,36.0,0.000368,0
MY_W1286305457,Selangor,0,36.0,2.6e-05,0
MY_N5462691797,Selangor,0,36.0,0.129408,0
MY_N412048097,Selangor,0,36.0,0.00294,0
MY_N412048098,Selangor,0,36.0,0.359886,0
MY_N13886055362,Selangor,0,36.0,7e-05,0
MY_N8082097597,Selangor,0,36.0,5.4e-05,0
MY_N11853239841,Selangor,0,36.0,0.000347,0
MY_N11403863828,Selangor,0,36.0,2.9e-05,0
MY_N8119252103,Selangor,0,36.0,0.174261,0
MY_N8004289377,Selangor,0,36.0,0.000626,0
MY_N9498642399,Selangor,0,36.0,2e-06,0
MY_N12133717335,Selangor,0,36.0,0.000517,0
MY_N8114405464,Selangor,0,36.0,2e-06,0
MY_N8081694353,Selangor,0,36.0,0.001166,0
MY_N12366513311,Selangor,0,36.0,0.000908,0
MY_N12366513312,Selangor,0,36.0,1.2e-05,0
MY_N1982558019,Selangor,0,36.0,8e-06,0
MY_N13763999844,Selangor,0,36.0,1.9e-05,0
MY_N13103629668,Selangor,0,36.0,2e-05,0
MY_N13103629669,Selangor,0,36.0,0.000536,0
MY_N13103629667,Selangor,0,36.0,0.002808,0
MY_N13103629670,Selangor,0,36.0,3.2e-05,0
MY_N8254911755,Selangor,0,36.0,2e-06,0
MY_N13103629671,Selangor,0,36.0,0.000142,0
MY_N5597298234,Selangor,0,36.0,1e-05,0
MY_W1262375280,Selangor,0,36.0,0.000526,0
MY_N8004208520,Selangor,1,36.0,0.462144,1
MY_N12384569108,Kuala Lumpur,0,36.0,4.4e-05,0
MY_N8255238093,Selangor,0,36.0,0.0,0
MY_N8120556662,Selangor,0,36.0,0.0,0
MY_N8255238086,Selangor,0,36.0,0.0,0
MY_N8255238092,Selangor,0,36.0,1e-06,0
MY_N7841645805,Selangor,0,36.0,0.000114,0
MY_N8081515935,Selangor,0,36.0,0.013209,0
MY_N8224457107,Selangor,0,36.0,0.225603,0
MY_W1259473617,Kelantan,0,36.0,0.156477,0
MY_N6093033474,Pahang,10,36.0,7.073576,1
MY_N11548619078,Selangor,0,36.0,1e-06,0
MY_N8146281229,Kuala Lumpur,0,36.0,3e-06,0
MY_N11529006459,Selangor,0,36.0,1e-06,0
MY_N8047942568,Selangor,0,36.0,5e-06,0
MY_W138669843,Selangor,0,36.0,1e-06,0
MY_W1264710479,Selangor,0,36.0,0.000193,0
MY_N11264702921,Kuala Lumpur,0,36.0,0.0,0
MY_N11346244297,Selangor,0,36.0,2e-06,0
MY_N13584271255,Kuala Lumpur,0,36.0,0.005465,0
MY_N12247796176,Selangor,0,36.0,0.000123,0
MY_N8048433914,Kuala Lumpur,0,36.0,0.0,0
MY_N12194813653,Putrajaya,0,36.0,0.007555,0
MY_N7842060099,Selangor,0,36.0,0.071853,0
MY_N9471829676,Kuala Lumpur,0,36.0,1.8e-05,0
MY_N9466091146,Kuala Lumpur,28,36.0,24.548002,1
MY_N11607769670,Kuala Lumpur,0,36.0,1e-05,0
MY_N9469280562,Kuala Lumpur,0,36.0,0.0,0
MY_N9469288221,Kuala Lumpur,0,36.0,0.0,0
MY_N10578741616,Putrajaya,0,36.0,1e-06,0
MY_N9469288220,Kuala Lumpur,0,36.0,0.0,0
MY_N11559092888,Kuala Lumpur,0,36.0,1e-06,0
MY_N12533942882,Kuala Lumpur,0,36.0,0.002146,0
MY_N12941843009,Kuala Lumpur,0,36.0,0.003163,0
MY_N12266031222,Kuala Lumpur,0,36.0,0.000215,0
MY_N4436507977,Selangor,28,36.0,28.371102,1
MY_W1285114522,Selangor,15,36.0,13.90396,1
MY_N9029115227,Selangor,0,36.0,0.019265,0
MY_N8542747596,Kuala Lumpur,0,36.0,1.9e-05,0
MY_W728820001,Kuala Lumpur,0,36.0,8e-06,0
MY_W728820002,Kuala Lumpur,35,36.0,24.442945,1
MY_W728820006,Kuala Lumpur,0,36.0,1.7e-05,0
MY_N8542747597,Kuala Lumpur,0,36.0,1.7e-05,0
MY_N8542747595,Kuala Lumpur,0,36.0,3e-06,0
MY_N11607773741,Kuala Lumpur,0,36.0,0.000268,0
MY_N8542747598,Kuala Lumpur,0,36.0,1e-05,0
MY_N11226315843,Selangor,0,36.0,0.037969,0
MY_N9504789637,Kuala Lumpur,2,36.0,4.847324,1
MY_N11768370522,Kuala Lumpur,0,36.0,0.008791,0
MY_N8058373534,Kuala Lumpur,0,36.0,0.000166,0
MY_N8058373535,Kuala Lumpur,0,36.0,0.009127,0
MY_N8058373539,Kuala Lumpur,0,36.0,0.013931,0
MY_N9602824113,Selangor,0,36.0,0.0,0
MY_N12167585701,Kuala Lumpur,0,36.0,0.003936,0
MY_N3765022576,Selangor,0,36.0,0.00125,0
MY_N12167585702,Kuala Lumpur,0,36.0,0.007994,0
MY_N3901579495,Selangor,0,36.0,1.5e-05,0
MY_N12167559700,Kuala Lumpur,0,36.0,0.786501,0
MY_N12167559699,Kuala Lumpur,0,36.0,0.001955,0
MY_N12182196429,Kuala Lumpur,0,36.0,4e-06,0
MY_N3902995339,Selangor,0,36.0,1.345761,0
MY_N7808912865,Selangor,0,36.0,3.9e-05,0
MY_N7808912864,Selangor,0,36.0,5e-05,0
MY_N7806418386,Kuala Lumpur,0,36.0,1e-06,0
MY_W1117797547,Kuala Lumpur,0,36.0,0.0,0
MY_W1117797548,Kuala Lumpur,0,36.0,0.0,0
MY_W545000403,Selangor,0,36.0,0.013694,0
MY_N7838524135,Selangor,0,36.0,0.010942,0
MY_N13247860091,Kelantan,0,36.0,3.5e-05,0
MY_N12264929850,Selangor,0,36.0,0.0,0
MY_W972394406,Selangor,1,36.0,0.977629,1
MY_N12068508652,Selangor,1,36.0,0.05332,1
MY_N12068508739,Selangor,0,36.0,0.004057,0
MY_W1545410223,Pahang,0,36.0,0.011227,0
MY_N6174781121,Kuala Lumpur,0,36.0,4.5e-05,0
MY_N8157413021,Kuala Lumpur,0,36.0,1.2e-05,0
MY_W1545410209,Pahang,0,36.0,1.1e-05,0
MY_W1545410197,Pahang,28,36.0,28.598258,1
MY_W1545410199,Pahang,0,36.0,0.00912,0
MY_W1259673925,Kelantan,7,36.0,9.658757,1
MY_N9759198822,Negeri Sembilan,0,36.0,1.77571,0
MY_N7838524117,Selangor,0,36.0,6e-06,0
MY_N13439298450,Selangor,0,36.0,0.000134,0
MY_N12152835803,Selangor,0,36.0,3e-06,0
MY_N3902995338,Selangor,0,36.0,0.265828,0
MY_N12152835735,Selangor,0,36.0,0.0,0
MY_N12145341915,Selangor,0,36.0,0.0,0
MY_N12141160951,Selangor,0,36.0,1.6e-05,0
MY_N12241218628,Selangor,0,36.0,0.000593,0
MY_N12111896153,Selangor,0,36.0,1.3e-05,0
MY_N12114343550,Selangor,0,36.0,0.0,0
MY_N12111896121,Selangor,0,36.0,0.0,0
MY_N12147506121,Selangor,0,36.0,1.2e-05,0
MY_N12145341985,Selangor,0,36.0,7.6e-05,0
MY_N12143414619,Selangor,0,36.0,1e-06,0
MY_N12137013089,Selangor,0,36.0,0.040573,0
MY_N12137013090,Selangor,0,36.0,0.018296,0
MY_N12110057369,Selangor,0,36.0,0.000676,0
MY_N12137013091,Selangor,18,36.0,28.029396,1
MY_N12241218640,Selangor,0,36.0,0.007525,0
MY_N12137013092,Selangor,0,36.0,0.051408,0
MY_N12137013099,Selangor,0,36.0,0.000973,0
MY_N12137013093,Selangor,0,36.0,0.105521,0
MY_N13015545329,Selangor,0,36.0,0.136456,0
MY_N12137013100,Selangor,0,36.0,0.01116,0
MY_N13015606466,Selangor,0,36.0,0.017359,0
MY_N12137013095,Selangor,0,36.0,1.3e-05,0
MY_N12137024408,Selangor,0,36.0,6e-06,0
MY_N13015545330,Selangor,0,36.0,0.135276,0
MY_N13015606467,Selangor,20,36.0,24.397017,1
MY_N12137024401,Selangor,0,36.0,0.004794,0
MY_N12137024407,Selangor,0,36.0,0.008222,0
MY_W545795634,Selangor,0,36.0,5.5e-05,0
MY_N12137013094,Selangor,0,36.0,0.004815,0
MY_N12137024409,Selangor,35,36.0,24.359235,1
MY_N13015606465,Selangor,0,36.0,0.027224,0
MY_N12137013096,Selangor,0,36.0,0.091876,0
MY_N13015606468,Selangor,0,36.0,0.020827,0
MY_N12137024402,Selangor,0,36.0,0.002155,0
MY_N7838524104,Pahang,0,36.0,2.2e-05,0
MY_N12137024406,Selangor,0,36.0,0.107805,0
MY_N13015606469,Selangor,0,36.0,1.4e-05,0
MY_N12137013097,Selangor,8,8.0,5.49199,1
MY_N12137024403,Selangor,0,36.0,0.02139,0
MY_N13015545328,Selangor,0,36.0,0.004767,0
MY_N13015606470,Selangor,0,36.0,0.073648,0
MY_N12137013080,Selangor,0,36.0,0.011894,0
MY_N12137013081,Selangor,0,36.0,0.041147,0
MY_N12137013082,Selangor,0,36.0,0.011346,0
MY_N12137013083,Selangor,0,36.0,0.00045,0
MY_N12137013098,Selangor,0,36.0,0.039066,0
MY_N12137013084,Selangor,0,36.0,0.010153,0
MY_N12137024404,Selangor,0,36.0,0.018059,0
MY_N12137013088,Selangor,1,36.0,0.143622,1
MY_N12137024405,Selangor,0,36.0,1.3e-05,0
MY_N12137013087,Selangor,30,36.0,28.311419,1
MY_N12137013085,Selangor,0,36.0,0.009854,0
MY_N13015545327,Selangor,0,36.0,0.030059,0
MY_N12137013086,Selangor,0,36.0,0.026524,0
MY_N7838524095,Pahang,0,36.0,1e-06,0
MY_N8214146544,Negeri Sembilan,0,36.0,0.041243,0
MY_N10943434976,Selangor,0,36.0,0.0,0
MY_W545795646,Selangor,0,36.0,0.000385,0
MY_W694482621,Selangor,0,36.0,2e-06,0
MY_N3902995337,Negeri Sembilan,0,36.0,0.043427,0
MY_W694495534,Selangor,0,36.0,2e-06,0
MY_N12169092717,Selangor,0,36.0,3.2e-05,0
MY_N10991780746,Selangor,0,36.0,0.0,0
MY_N13474572720,Selangor,0,36.0,0.000383,0
MY_N9944968255,Pahang,0,36.0,0.0,0
MY_N1945539635,Pahang,0,36.0,0.008704,0
MY_N12030488094,Selangor,0,36.0,0.001174,0
MY_N8063350945,Negeri Sembilan,0,36.0,0.005435,0
MY_N13845846105,Pahang,0,36.0,0.034364,0
MY_N13845846092,Pahang,0,36.0,2e-06,0
MY_N4200388722,Negeri Sembilan,0,36.0,0.0,0
MY_W1366117482,Pahang,0,36.0,0.028182,0
MY_N6142258135,Kelantan,0,36.0,0.001453,0
MY_N2425808221,Kelantan,0,36.0,1e-06,0
MY_N8084941767,Pahang,0,36.0,0.296548,0
MY_W1288067099,Selangor,0,36.0,0.003407,0
MY_N11257618116,Pahang,0,36.0,0.011253,0
MY_N11985118591,Negeri Sembilan,0,36.0,1e-06,0
MY_N7848117182,Kelantan,0,36.0,0.141784,0
MY_N14060840318,Negeri Sembilan,0,36.0,0.005642,0
MY_N11189951508,Negeri Sembilan,0,36.0,0.0,0
MY_N11189951504,Negeri Sembilan,0,36.0,0.00013,0
MY_N9126977972,Negeri Sembilan,0,36.0,0.023841,0
MY_N9126977973,Negeri Sembilan,0,36.0,0.000705,0
MY_N8735935858,Pahang,0,36.0,0.046977,0
MY_N8434323581,Kelantan,0,36.0,2e-06,0
MY_N8434323582,Kelantan,0,36.0,8.5e-05,0
MY_N3901579555,Pahang,0,36.0,0.335294,0
MY_W1367367946,Negeri Sembilan,3,36.0,1.604457,1
MY_N5510158257,Pahang,0,36.0,2.165244,0
MY_N8261057768,Negeri Sembilan,0,36.0,1.7e-05,0
MY_N5510158263,Pahang,0,36.0,0.063519,0
MY_N5510158299,Pahang,0,36.0,7e-06,0
MY_N5510158305,Pahang,0,36.0,0.088692,0
MY_N3901579514,Pahang,0,36.0,0.012579,0
MY_N8259081451,Negeri Sembilan,0,36.0,0.010807,0
MY_N5510158307,Pahang,0,36.0,0.60105,0
MY_N9006098842,Negeri Sembilan,14,36.0,13.510124,1
MY_W1368598193,Negeri Sembilan,4,36.0,2.57266,1
MY_N8032528770,Negeri Sembilan,0,36.0,0.212156,0
MY_N5742976628,Negeri Sembilan,20,36.0,25.942842,1
MY_W1368699691,Negeri Sembilan,0,36.0,1.3e-05,0
MY_W1368623543,Negeri Sembilan,0,36.0,0.356167,0
MY_N9621355555,Pahang,0,36.0,0.47598,0
MY_N11241526897,Negeri Sembilan,0,36.0,0.017811,0
MY_N3273231502,Negeri Sembilan,0,36.0,0.113228,0
MY_N11241526902,Negeri Sembilan,1,36.0,0.448896,1
MY_N3273231509,Negeri Sembilan,0,36.0,0.000182,0
MY_N8752918921,Pahang,0,36.0,0.084061,0
MY_W1372701089,Negeri Sembilan,0,36.0,0.000417,0
MY_N4663189043,Negeri Sembilan,0,36.0,0.001437,0
MY_W1381588641,Negeri Sembilan,0,36.0,0.000988,0
MY_N10230277433,Malacca,0,36.0,0.000274,0
MY_N13713417878,Kelantan,0,36.0,0.610889,0
MY_N8459640140,Malacca,0,36.0,1.1e-05,0
MY_N9038308805,Kelantan,1,36.0,0.07021,1
MY_N13686660305,Kelantan,0,36.0,0.132361,0
MY_W1533443392,Negeri Sembilan,0,36.0,2.5e-05,0
MY_N13712401727,Kelantan,5,36.0,13.287815,1
MY_N8025981358,Negeri Sembilan,0,36.0,0.131337,0
MY_N8025859449,Negeri Sembilan,25,36.0,26.537133,1
MY_N13663195383,Kelantan,0,36.0,0.04028,0
MY_N13663195381,Kelantan,0,36.0,0.005759,0
MY_N13663195382,Kelantan,4,36.0,1.837732,1
MY_N13663195380,Kelantan,0,36.0,0.030984,0
MY_N4193669752,Negeri Sembilan,0,36.0,1.3e-05,0
MY_W1383475622,Negeri Sembilan,4,36.0,2.59033,1
MY_W1491528657,Kelantan,0,36.0,0.494136,0
MY_N8778604184,Kelantan,0,36.0,0.009251,0
MY_N8348937880,Pahang,1,36.0,3.643887,1
MY_N8277786902,Negeri Sembilan,0,36.0,0.007865,0
MY_N13686353602,Kelantan,0,36.0,0.007553,0
MY_N13678931196,Kelantan,0,36.0,0.085058,0
MY_N8780937436,Malacca,0,36.0,1.9e-05,0
MY_N8780937437,Malacca,0,36.0,2e-06,0
MY_N8780937438,Malacca,0,36.0,0.0,0
MY_N8025609742,Negeri Sembilan,3,36.0,2.708857,1
MY_N13805621364,Pahang,0,36.0,0.034015,0
MY_N8785448481,Pahang,0,36.0,0.002054,0
MY_W823099395,Kelantan,0,36.0,1.7e-05,0
MY_W823097930,Kelantan,0,36.0,0.0,0
MY_N13678930905,Kelantan,30,36.0,28.799868,1
MY_W1456021260,Kelantan,0,36.0,0.034714,0
MY_N13686353632,Kelantan,0,36.0,0.006013,0
MY_W1492305145,Kelantan,1,36.0,0.165066,1
MY_N3902995326,Malacca,22,36.0,22.124455,1
MY_N3902995325,Malacca,0,36.0,0.006753,0
MY_N8789765101,Negeri Sembilan,0,36.0,0.000217,0
MY_W818384093,Kelantan,0,36.0,0.023015,0
MY_N13685405063,Kelantan,1,36.0,3.583921,1
MY_N3902995324,Malacca,0,36.0,0.000503,0
MY_N4958058752,Malacca,0,36.0,0.000797,0
MY_N12546408507,Kelantan,6,36.0,7.849582,1
MY_N12546408513,Kelantan,2,36.0,3.268282,1
MY_W810687871,Kelantan,0,36.0,0.0012,0
MY_N13459535295,Kelantan,0,36.0,0.287888,0
MY_N11972377225,Malacca,0,36.0,2e-06,0
MY_N4963875869,Malacca,8,36.0,9.181221,1
MY_W1312628412,Kelantan,0,36.0,0.058236,0
MY_N8791272543,Negeri Sembilan,3,36.0,2.756794,1
MY_N4970042970,Malacca,0,36.0,1.441596,0
MY_W822583264,Kelantan,0,36.0,0.016083,0
MY_W822583298,Kelantan,3,36.0,1.892062,1
MY_W818064274,Kelantan,6,36.0,2.764311,1
MY_N6555076109,Malacca,0,36.0,0.226824,0
MY_N4970042971,Malacca,0,36.0,0.001305,0
MY_N9324749766,Kelantan,0,36.0,1.1e-05,0
MY_W1492798729,Kelantan,0,36.0,0.001013,0
MY_W1311799403,Kelantan,0,36.0,0.077154,0
MY_W1386907231,Pahang,25,36.0,22.089223,1
MY_N5012069413,Malacca,0,36.0,0.003758,0
MY_N5723067598,Malacca,0,36.0,0.000656,0
MY_N3813367954,Kelantan,0,36.0,0.039971,0
MY_N1870943138,Kelantan,0,36.0,0.005098,0
MY_N4970042972,Malacca,0,36.0,0.000113,0
MY_N4999309149,Malacca,0,36.0,0.00069,0
MY_N1869579109,Kelantan,0,36.0,0.000756,0
MY_N8794834933,Negeri Sembilan,0,36.0,1e-06,0
MY_N8794834932,Negeri Sembilan,0,36.0,0.0,0
MY_N8794834931,Negeri Sembilan,0,36.0,1e-06,0
MY_N4970042973,Malacca,0,36.0,0.001905,0
MY_N11972345281,Malacca,0,36.0,0.0,0
MY_N13679676092,Kelantan,0,36.0,0.081842,0
MY_N3902995323,Malacca,0,36.0,2.8e-05,0
MY_N13700552576,Malacca,0,36.0,0.011575,0
MY_N9099933246,Malacca,0,36.0,0.0014,0
MY_W1529662867,Negeri Sembilan,0,36.0,0.000348,0
MY_N13953354888,Malacca,0,36.0,0.005207,0
MY_N13701267976,Kelantan,0,36.0,0.159978,0
MY_N13919815292,Malacca,0,36.0,0.029076,0
MY_N13659918586,Kelantan,35,36.0,28.8,1
MY_N13116648924,Malacca,0,36.0,0.001013,0
MY_N13977483959,Malacca,0,36.0,0.001129,0
MY_N14017332911,Malacca,0,36.0,1.5e-05,0
MY_N13057626241,unassigned,5,36.0,5.222187,1
MY_N9038308804,Kelantan,1,36.0,0.109939,1
MY_N3902995322,Malacca,0,36.0,0.00359,0
MY_N3902995321,Malacca,0,36.0,0.000141,0
MY_N9038308801,Kelantan,0,36.0,0.000383,0
MY_W1318445327,Kelantan,0,36.0,0.004297,0
MY_W1318445329,Kelantan,1,36.0,1.675236,1
MY_W1318445322,Kelantan,0,36.0,0.000194,0
MY_W1318445328,Kelantan,0,36.0,0.003661,0
MY_N4951837872,Malacca,0,36.0,1.2e-05,0
MY_N11142031514,Malacca,0,36.0,0.004433,0
MY_N13710652786,Kelantan,0,36.0,0.000421,0
MY_N13682521098,Kelantan,2,36.0,4.016343,1
MY_N6251035648,Kelantan,0,36.0,0.04395,0
MY_N8920295576,Kelantan,17,36.0,15.370866,1
MY_N9038308802,Kelantan,0,36.0,0.013288,0
MY_N8962634816,Kelantan,1,36.0,2.560595,1
MY_N13682521114,Kelantan,1,36.0,0.115122,1
MY_N13682149677,Kelantan,0,36.0,0.001758,0
MY_N6721910508,Malacca,0,36.0,8e-06,0
MY_N6721910509,Malacca,0,36.0,9e-06,0
MY_N8923088437,Kelantan,27,36.0,20.582705,1
MY_N14089499502,Malacca,0,36.0,0.004062,0
MY_N8330712478,Pahang,0,36.0,0.265716,0
MY_N9810551836,Pahang,0,36.0,0.003914,0
MY_N8813291617,Kelantan,0,36.0,0.211464,0
MY_N5821570253,Malacca,0,36.0,0.002003,0
MY_N5825177638,Malacca,0,36.0,0.001581,0
MY_N13710662203,Kelantan,0,36.0,4.7e-05,0
MY_N13672724268,Kelantan,0,36.0,0.026442,0
MY_N8813215619,Kelantan,0,36.0,0.058888,0
MY_N8812260333,Kelantan,20,36.0,22.276196,1
MY_N6119769616,Malacca,0,36.0,0.046302,0
MY_N8330792847,Pahang,0,36.0,0.008959,0
MY_N13684596777,Kelantan,0,36.0,0.000424,0
MY_N9810551665,Pahang,8,36.0,7.32713,1
MY_N13690665303,Pahang,0,36.0,0.10384,0
MY_N5991228999,Malacca,0,36.0,0.016951,0
MY_N13691070933,Pahang,0,36.0,0.000388,0
MY_N3901607133,Pahang,0,36.0,0.932904,0
MY_N8948810495,Malacca,0,36.0,1e-06,0
MY_N8948862269,Malacca,0,36.0,8e-06,0
MY_N9038308803,Kelantan,0,36.0,0.445718,0
MY_W968313453,Pahang,0,36.0,1e-06,0
MY_W968313454,Pahang,0,36.0,0.001296,0
MY_W968313455,Pahang,0,36.0,3.6e-05,0
MY_N3901607132,Pahang,1,36.0,1.231496,1
MY_N8971151860,Kelantan,0,36.0,0.002747,0
MY_N3901150079,Pahang,0,36.0,0.008414,0
MY_N8971256083,Kelantan,0,36.0,0.016199,0
MY_N3901607131,Pahang,0,36.0,0.173078,0
MY_N8946302294,Malacca,0,36.0,1e-06,0
MY_N3901607088,Pahang,1,36.0,0.425352,1
MY_N3901387616,Pahang,13,36.0,10.579691,1
MY_N3901607068,Pahang,0,36.0,0.094023,0
MY_N13858903199,Negeri Sembilan,0,36.0,0.0,0
MY_N13858903200,Negeri Sembilan,0,36.0,1.9e-05,0
MY_N8015247585,Kelantan,0,36.0,0.050389,0
MY_N3902995319,Malacca,0,36.0,0.59626,0
MY_W1435379188,Malacca,0,36.0,0.0,0
MY_N8327095826,Pahang,24,36.0,26.246617,1
MY_N6833359897,Malacca,3,36.0,4.089306,1
MY_N3902995320,Malacca,0,36.0,0.022764,0
MY_W1318195110,Terengganu,0,36.0,0.074094,0
MY_N8988150886,Kelantan,1,36.0,0.560548,1
MY_N8988150887,Kelantan,0,36.0,0.549714,0
MY_N8988150888,Kelantan,3,36.0,0.490974,1
MY_N8988150889,Kelantan,1,36.0,2.2597,1
MY_N8988150890,Kelantan,0,36.0,0.249374,0
MY_N8988150892,Kelantan,1,36.0,1.318186,1
MY_N8988150891,Kelantan,0,36.0,0.469483,0
MY_N11148230157,Terengganu,1,36.0,0.316064,1
MY_N8955815813,Kelantan,1,36.0,0.230716,1
MY_N9040016333,Johor,6,36.0,4.601982,1
MY_N9040016332,Johor,8,36.0,6.888226,1
MY_N11099179697,Terengganu,0,36.0,3.6e-05,0
MY_N8883327417,Terengganu,0,36.0,0.000453,0
MY_N8370639164,Johor,0,36.0,0.006491,0
MY_N13495665455,Terengganu,8,36.0,11.544256,1
MY_N6034372552,Johor,2,36.0,1.258841,1
MY_N13495459821,Terengganu,6,36.0,2.65301,1
MY_N8482428335,Johor,0,36.0,0.00393,0
MY_N9040016327,Johor,0,36.0,0.124813,0
MY_N9040016329,Johor,0,36.0,0.018477,0
MY_N9040016328,Johor,0,36.0,0.00679,0
MY_N9040016326,Johor,0,36.0,0.042184,0
MY_W526039065,Negeri Sembilan,0,36.0,0.0,0
MY_N13564516539,Terengganu,0,36.0,0.000151,0
MY_N8899877343,Johor,0,36.0,0.001988,0
MY_N8899964140,Terengganu,0,36.0,0.020083,0
MY_N8899964135,Terengganu,6,36.0,3.475924,1
MY_N8899990561,Terengganu,8,36.0,5.681067,1
MY_N8899964134,Terengganu,2,36.0,2.623647,1
MY_N11190210332,Johor,0,36.0,5.6e-05,0
MY_N11190210319,Johor,0,36.0,0.058636,0
MY_N8904189343,Johor,0,36.0,0.015786,0
MY_N13502641928,Terengganu,20,36.0,23.201086,1
MY_N8456957357,Johor,0,36.0,0.040628,0
MY_N13251167214,Terengganu,0,36.0,0.0,0
MY_W1262090419,Terengganu,0,36.0,0.0,0
MY_N4027233384,Terengganu,0,36.0,0.284973,0
MY_N3989115263,Terengganu,0,36.0,0.002254,0
MY_N8927264925,Pahang,0,36.0,1.585351,0
MY_N8022325824,Johor,1,36.0,1.101284,1
MY_N13507319534,Terengganu,0,36.0,0.009645,0
MY_N13564968138,Terengganu,0,36.0,0.134413,0
MY_N610175376,Johor,9,36.0,4.190087,1
MY_N12383562688,Johor,7,36.0,6.422111,1
MY_N12383562687,Johor,0,36.0,0.019703,0
MY_N8930207046,Terengganu,0,36.0,0.079961,0
MY_N13564515921,Terengganu,0,36.0,0.008285,0
MY_N8930320928,Pahang,0,36.0,1.6e-05,0
MY_N13186063976,Terengganu,0,36.0,1.1e-05,0
MY_N8935231315,Terengganu,0,36.0,0.000989,0
MY_N8935231314,Terengganu,0,36.0,0.035277,0
MY_N13544527378,Terengganu,1,36.0,3.812705,1
MY_N9040099170,Johor,0,36.0,0.000379,0
MY_W1264795110,Johor,0,36.0,0.000232,0
MY_N8971623432,Terengganu,0,36.0,0.002897,0
MY_N3902995318,Johor,7,8.0,5.490205,1
MY_W1265004387,Johor,0,36.0,0.000243,0
MY_N8647935020,Johor,0,36.0,0.288235,0
MY_N8646761662,Johor,0,36.0,0.000293,0
MY_N8646761663,Johor,0,36.0,0.010421,0
MY_N8645028382,Johor,0,36.0,0.108202,0
MY_N8979761302,Pahang,0,36.0,0.000312,0
MY_N9040090261,Johor,0,36.0,0.081704,0
MY_N3720847447,Johor,6,36.0,4.859452,1
MY_N13013877873,Terengganu,23,36.0,24.359397,1
MY_N9040032180,Johor,0,36.0,7.7e-05,0
MY_N9040032179,Johor,0,36.0,0.16035,0
MY_N13456366477,Terengganu,2,36.0,0.836147,1
MY_N8982897335,Terengganu,0,36.0,0.00081,0
MY_N3902995316,Johor,0,36.0,0.000405,0
MY_N13526011249,Terengganu,12,36.0,20.547323,1
MY_N8987661324,Pahang,29,36.0,24.903133,1
MY_N13517883535,Terengganu,41,36.0,28.128039,1
MY_N3902995314,Johor,0,36.0,0.654778,0
MY_N3902995315,Johor,0,36.0,5.3e-05,0
MY_N13331200714,Terengganu,7,36.0,4.739305,1
MY_N8785281387,Johor,0,36.0,0.025433,0
MY_N13331200716,Terengganu,2,36.0,2.676745,1
MY_N13526994647,Terengganu,0,36.0,9.7e-05,0
MY_N10701796645,Johor,0,36.0,0.0033,0
MY_N8992708257,Terengganu,0,36.0,0.033042,0
MY_N12062187762,Terengganu,0,36.0,0.163669,0
MY_N3902995313,Johor,0,36.0,0.001297,0
MY_N3902995312,Johor,0,36.0,0.000403,0
MY_W1497883954,Pahang,0,36.0,0.067226,0
MY_N9040072040,Johor,0,36.0,0.065139,0
MY_N13331200717,Terengganu,1,36.0,2.532205,1
MY_N13331200718,Terengganu,0,36.0,0.338418,0
MY_N8998441828,Pahang,0,36.0,0.000102,0
MY_N8998441829,Pahang,0,36.0,0.00076,0
MY_N3902995311,Johor,0,36.0,0.29391,0
MY_W843347331,Johor,0,36.0,0.001695,0
MY_W1304274095,Terengganu,0,36.0,0.032246,0
MY_N3902995310,Johor,13,36.0,10.432078,1
MY_N9003249367,Pahang,23,36.0,25.852592,1
MY_N9003249366,Pahang,1,36.0,0.267732,1
MY_N9003249365,Pahang,1,36.0,0.932525,1
MY_N8762031836,Johor,0,36.0,0.175173,0
MY_N3902995309,Johor,7,36.0,3.914674,1
MY_N9004704904,Terengganu,0,36.0,0.000539,0
MY_N9004704891,Terengganu,1,36.0,0.449651,1
MY_N5991600704,Terengganu,0,36.0,1.4e-05,0
MY_W1270085205,Pahang,0,36.0,1e-06,0
MY_W1270085203,Pahang,35,36.0,24.468097,1
MY_W1270085213,Pahang,0,36.0,0.000716,0
MY_W1270085208,Pahang,0,36.0,1.3e-05,0
MY_N3902995303,Johor,0,36.0,0.007047,0
MY_W1098994137,Pahang,0,36.0,8e-05,0
MY_N8805785687,Johor,0,36.0,1.103906,0
MY_N3902995302,Johor,3,36.0,0.755413,1
MY_N8806058356,Johor,6,36.0,5.133036,1
MY_N9040016373,Johor,0,36.0,0.042535,0
MY_N3902995301,Johor,19,36.0,23.549441,1
MY_N9066954157,Pahang,1,36.0,1.273806,1
MY_N13481076521,Pahang,0,36.0,3e-05,0
MY_N13406960825,Pahang,0,36.0,0.000227,0
MY_N9084071195,Pahang,18,36.0,28.799993,1
MY_N13651261629,Pahang,0,36.0,0.295181,0
MY_N13522010386,Pahang,0,36.0,0.088352,0
MY_N3902995275,Johor,8,36.0,7.431349,1
MY_N13415562182,Pahang,0,36.0,0.000212,0
MY_N13415595016,Pahang,0,36.0,0.00178,0
MY_N13415562181,Pahang,0,36.0,0.002552,0
MY_N13415562180,Pahang,0,36.0,0.045653,0
MY_N5365310004,Pahang,0,36.0,0.00021,0
MY_N8176878231,Terengganu,5,36.0,2.817006,1
MY_N6643210358,Pahang,0,36.0,0.003584,0
MY_N11151660426,Pahang,20,36.0,13.233278,1
MY_W1201224318,Johor,0,36.0,0.062294,0
MY_W1267147816,Pahang,0,36.0,1.2e-05,0
MY_W1267147818,Pahang,0,36.0,2e-05,0
MY_W1267147817,Pahang,0,36.0,0.001053,0
MY_W1267147815,Pahang,1,36.0,2.067391,1
MY_W1267147829,Pahang,0,36.0,0.357219,0
MY_W1267147827,Pahang,0,36.0,0.00132,0
MY_W1267147830,Pahang,0,36.0,0.000785,0
MY_W1267147836,Pahang,0,36.0,0.018678,0
MY_N11139114232,Johor,0,36.0,0.000162,0
MY_N11139114233,Johor,0,36.0,1.2e-05,0
MY_W1267147841,Pahang,0,36.0,0.000169,0
MY_N13617864927,Pahang,0,36.0,0.634123,0
MY_W1267064693,Pahang,16,36.0,14.230601,1
MY_N13430456062,Pahang,0,36.0,4e-06,0
MY_N3902995238,Johor,2,36.0,1.317161,1
MY_N8614668705,Terengganu,0,36.0,0.184089,0
MY_W1304210537,Terengganu,0,36.0,1.032031,0
MY_W1304210538,Terengganu,0,36.0,0.011794,0
MY_W1304210539,Terengganu,0,36.0,0.028488,0
MY_W1304210547,Terengganu,0,36.0,0.002505,0
MY_W1304210549,Terengganu,0,36.0,2e-06,0
MY_W1304967763,Terengganu,0,36.0,0.001762,0
MY_N8191059241,Johor,24,36.0,25.325148,1
MY_N13103284367,Johor,26,36.0,28.501857,1
MY_N8439185733,Pahang,2,36.0,2.263486,1
MY_N13165619831,Johor,0,36.0,0.015327,0
MY_N7848117003,Terengganu,0,36.0,0.272354,0
MY_N8422298542,Pahang,26,36.0,28.8,1
MY_N2894780935,Pahang,4,36.0,2.426785,1
MY_N8617095383,Terengganu,0,36.0,3e-06,0
MY_N8637257819,Terengganu,1,36.0,0.630297,1
MY_N8418750930,Johor,0,36.0,0.602091,0
MY_N8637709581,Terengganu,0,36.0,0.00054,0
MY_N8621891632,Terengganu,0,36.0,1e-05,0
MY_W1303810175,Terengganu,0,36.0,0.055101,0
MY_W1303810174,Terengganu,0,36.0,0.045394,0
MY_W1303814691,Terengganu,0,36.0,0.579432,0
MY_W1303814692,Terengganu,0,36.0,0.004433,0
MY_W1303814690,Terengganu,1,36.0,0.204465,1
MY_W1303814689,Terengganu,0,36.0,0.03349,0
MY_N6700401660,Johor,0,36.0,0.00021,0
MY_N3902995237,Johor,0,36.0,0.000338,0
MY_N3902995230,Johor,0,36.0,0.000271,0
MY_N3902995227,Johor,0,36.0,0.006025,0
MY_W229952243,Johor,0,36.0,0.025575,0
MY_N9038753536,Johor,0,36.0,7e-05,0
MY_N4553240899,Johor,0,36.0,0.158937,0
MY_N4553240947,Johor,1,36.0,0.253987,1
MY_N4540536734,Johor,0,36.0,0.010448,0
MY_N4540518868,Johor,0,36.0,0.18576,0
MY_N9040373402,Johor,0,36.0,0.000148,0
MY_N9040090263,Johor,0,36.0,0.001457,0
MY_N11158439300,Johor,0,36.0,0.094521,0
MY_N8194411065,Johor,0,36.0,0.000252,0
MY_N8194411066,Johor,0,36.0,0.000736,0
MY_N8194478063,Johor,0,36.0,0.0,0
MY_N4540518856,Johor,0,36.0,0.002427,0
MY_N8194554171,Johor,0,36.0,2e-06,0
MY_N8194311012,Johor,0,36.0,0.019118,0
MY_N8194411113,Johor,0,36.0,0.000174,0
MY_N8296464154,Johor,0,36.0,7.4e-05,0
MY_N4540518855,Johor,3,36.0,1.104472,1
MY_N8296464134,Johor,0,36.0,0.14386,0
MY_N8242471252,Johor,0,36.0,0.0,0
MY_N8242031174,Johor,0,36.0,2.2e-05,0
MY_N8194880382,Johor,0,36.0,4e-06,0
MY_N8194310997,Johor,0,36.0,0.0,0
MY_N5046482112,Johor,0,36.0,8e-06,0
MY_N9040477852,Johor,0,36.0,0.038173,0
MY_N8242137991,Johor,0,36.0,2.7e-05,0
MY_N3902995226,Johor,0,36.0,0.0,0
MY_N8248283073,Johor,0,36.0,0.004647,0
MY_N5249581791,Johor,0,36.0,0.356398,0
MY_N7010113806,Johor,0,36.0,0.000456,0
MY_N9038753537,Johor,0,36.0,0.006637,0
MY_N10290743704,Johor,0,36.0,2.1e-05,0
MY_N13142317645,Pahang,22,36.0,20.896454,1
MY_N8850585799,Johor,4,36.0,1.754211,1
MY_N8297204273,Johor,0,36.0,0.0,0
MY_N8297308060,Johor,0,36.0,0.032137,0
MY_N8297308061,Johor,0,36.0,0.000145,0
MY_N9040373401,Johor,0,36.0,0.002346,0
MY_N8300544984,Johor,0,36.0,1e-06,0
MY_N8300543972,Johor,0,36.0,2e-05,0
MY_N8254539319,Johor,0,36.0,0.0,0
MY_N9038719772,Johor,0,36.0,3e-06,0
MY_N9038719774,Johor,0,36.0,0.0,0
MY_N9038719773,Johor,0,36.0,0.0,0
MY_N9038719827,Johor,0,36.0,0.0,0
MY_N9038719771,Johor,0,36.0,1e-06,0
MY_N11388841309,Johor,0,36.0,0.0,0
MY_N11388880572,Johor,0,36.0,0.0,0
MY_N8254392355,Johor,0,36.0,1e-06,0
MY_N10948802708,Johor,0,36.0,0.0,0
MY_N11388862435,Johor,0,36.0,0.0,0
MY_N11388862434,Johor,24,36.0,28.704619,1
MY_N11360752509,Johor,0,36.0,0.0,0
MY_N13325808685,Johor,0,36.0,0.001824,0
MY_N11360752510,Johor,0,36.0,0.0,0
MY_N9040072038,Johor,0,36.0,8.6e-05,0
MY_N9040477851,Johor,0,36.0,1e-05,0
MY_N9040477850,Johor,0,36.0,0.023572,0
MY_N9040016330,Johor,0,36.0,0.002723,0
MY_N10948101724,Johor,0,36.0,0.001249,0
MY_N8302956903,Johor,0,36.0,0.0,0
MY_N8302956904,Johor,0,36.0,0.0,0
MY_N10948101740,Johor,0,36.0,5.1e-05,0
MY_N8302956902,Johor,0,36.0,0.0,0
MY_N8302956901,Johor,0,36.0,0.0,0
MY_N8302956900,Johor,0,36.0,2e-06,0
MY_N10948101726,Johor,0,36.0,0.058607,0
MY_N10948101725,Johor,0,36.0,7e-06,0
MY_N9040016331,Johor,0,36.0,1.2e-05,0
MY_W1388820991,Johor,2,36.0,1.71638,1
MY_N9040431790,Johor,0,36.0,0.034399,0
MY_N8387910052,Johor,0,36.0,8.4e-05,0
MY_W1315843998,Johor,0,36.0,1.3e-05,0
MY_N8182722420,Johor,2,36.0,0.443869,1
MY_N8387123936,Johor,0,36.0,0.159544,0
MY_N11167076406,Johor,27,36.0,22.697649,1
MY_N8381293209,Johor,0,36.0,2e-06,0
MY_N8381065572,Johor,0,36.0,0.01232,0
MY_N9841737653,Johor,0,36.0,0.000111,0
MY_N9040072039,Johor,0,36.0,0.003826,0
MY_N8377840940,Johor,3,36.0,2.323671,1
MY_N13722751040,Johor,0,36.0,0.036007,0
MY_N11147435458,Johor,0,36.0,0.001624,0
MY_W1387401029,Johor,0,36.0,0.618911,0
MY_W446330609,Johor,0,36.0,0.031301,0
MY_N12889290985,Johor,0,36.0,6e-06,0
MY_N12889290986,Johor,0,36.0,0.0,0
MY_N12889290231,unassigned,6,36.0,5.102349,1
MY_W1450150668,Sarawak,0,36.0,0.099067,0
MY_N13889784607,Sarawak,2,36.0,2.626302,1
MY_N3623334350,Sarawak,0,36.0,0.00017,0
MY_N3623367413,Sarawak,0,36.0,0.000153,0
MY_N12773184677,Sarawak,41,36.0,28.79994,1
MY_N3573581293,Sarawak,0,36.0,0.00037,0
MY_N2782631993,Sarawak,0,36.0,0.058062,0
MY_N13889774655,Sarawak,2,36.0,1.357432,1
MY_N13889776578,Sarawak,0,36.0,2.1e-05,0
MY_N13891743611,Sarawak,8,36.0,7.713885,1
MY_N6745537235,Sarawak,5,36.0,7.206593,1
MY_N6745537234,Sarawak,17,36.0,17.276789,1
MY_N6745537233,Sarawak,28,36.0,28.284458,1
MY_N6759131549,Sarawak,8,36.0,9.668823,1
MY_N12548986934,Sarawak,19,36.0,25.619047,1
MY_N6451638812,Sarawak,4,36.0,5.617283,1
MY_N10802588447,Sarawak,24,36.0,28.751424,1
MY_N10802588425,Sarawak,2,36.0,2.601886,1
MY_N10801806749,Sarawak,23,36.0,28.8,1
MY_N5067194637,Sarawak,18,36.0,28.799999,1
MY_N11526632808,Sarawak,0,36.0,0.026646,0
MY_N6457937009,Sarawak,20,36.0,28.36011,1
MY_N10746755999,Sarawak,0,36.0,0.003256,0
MY_N10746755997,Sarawak,0,36.0,0.00039,0
MY_N10746755998,Sarawak,0,36.0,0.000139,0
MY_W1425495547,Sarawak,0,36.0,1.075392,0
MY_N10780423481,Sarawak,0,36.0,0.100377,0
MY_N5257595022,Sarawak,0,36.0,0.041302,0
MY_N10771843285,Sarawak,5,36.0,8.844042,1
MY_N11962284837,Sarawak,6,36.0,5.003109,1
MY_N10780417393,Sarawak,0,36.0,0.002865,0
MY_N9696620835,Sarawak,0,36.0,0.000498,0
MY_N5063253063,Sarawak,1,36.0,0.511237,1
MY_N6628565568,Sarawak,0,36.0,0.160432,0
MY_N9810094393,Sarawak,0,36.0,7.5e-05,0
MY_N14017237793,Sarawak,0,36.0,5.5e-05,0
MY_N3765699308,Sarawak,0,36.0,0.004882,0
MY_N3765699325,Sarawak,0,36.0,0.00387,0
MY_N3765699324,Sarawak,27,36.0,25.048066,1
MY_N3765691973,Sarawak,0,36.0,0.641453,0
MY_N3765686551,Sarawak,1,36.0,0.683994,1
MY_N12265504950,Sarawak,1,36.0,0.378799,1
MY_N12265504949,Sarawak,0,36.0,0.000318,0
MY_N13104827528,Sarawak,0,36.0,0.002176,0
MY_N12266043339,Sarawak,6,36.0,4.931317,1
MY_N4971032710,Sarawak,1,36.0,0.090074,1
MY_N12270851329,Sarawak,27,36.0,28.799967,1
MY_N11482095447,Sarawak,3,36.0,3.197272,1
MY_N11484371222,Sarawak,25,36.0,28.791556,1
MY_N12124802651,Sarawak,0,36.0,0.007773,0
MY_N11482649670,Sarawak,0,36.0,0.001305,0
MY_N12419607083,Sarawak,1,36.0,0.053204,1
MY_N12120294219,Sarawak,0,36.0,0.073938,0
MY_N12116945444,Sarawak,4,36.0,4.101708,1
MY_N11730767539,Sarawak,0,36.0,0.0,0
MY_N12260551262,Sarawak,0,36.0,0.000921,0
MY_N11463362309,Sarawak,0,36.0,0.003225,0
MY_N11496601911,Sarawak,0,36.0,3e-05,0
MY_N11496601910,Sarawak,0,36.0,1.3e-05,0
MY_N11727753196,Sarawak,0,36.0,0.028558,0
MY_N12084295135,Sarawak,0,36.0,0.976179,0
MY_N12407437060,Sarawak,1,36.0,0.271342,1
MY_N11794540712,Sarawak,0,36.0,0.001839,0
MY_N12058759613,Sarawak,21,36.0,23.551766,1
MY_N11496879857,Sarawak,0,36.0,0.000351,0
MY_N12110472263,Sarawak,0,36.0,0.311641,0
MY_N12238462274,Sarawak,0,36.0,0.003386,0
MY_N12063268241,Sarawak,0,36.0,0.000393,0
MY_N11795630828,Sarawak,0,36.0,0.008529,0
MY_N11487000566,Sarawak,0,36.0,0.024008,0
MY_N12273248580,Sarawak,0,36.0,0.030342,0
MY_N11496907513,Sarawak,0,36.0,1.899334,0
MY_N11584058118,Sarawak,0,36.0,0.000156,0
MY_N12205012364,Sarawak,0,36.0,0.000202,0
MY_N12408552579,Sarawak,0,36.0,0.00067,0
MY_N12177011821,Sarawak,0,36.0,8e-06,0
MY_N12177011820,Sarawak,0,36.0,0.000262,0
MY_N12177011819,Sarawak,0,36.0,0.000202,0
MY_N11875484220,Sarawak,10,36.0,5.019778,1
MY_W1235093106,Sarawak,0,36.0,5e-05,0
MY_N12177011818,Sarawak,0,36.0,4e-06,0
MY_N12408785870,Sarawak,0,36.0,0.000241,0
MY_N12121993477,Sarawak,0,36.0,0.000862,0
MY_N12231992517,Sarawak,0,36.0,0.004812,0
MY_N11502197115,Sarawak,0,36.0,0.000928,0
MY_N11774742821,Sarawak,1,36.0,0.35081,1
MY_N11774742770,Sarawak,0,36.0,0.051918,0
MY_N12141554109,Sarawak,3,36.0,1.745206,1
MY_N12222591751,Sarawak,0,36.0,0.000554,0
MY_N11802478955,Sarawak,33,36.0,28.517314,1
MY_N12222591771,Sarawak,0,36.0,0.006117,0
MY_N12284563602,Sarawak,0,36.0,1.30756,0
MY_N11653038151,Sarawak,2,36.0,0.767888,1
MY_N12222591752,Sarawak,0,36.0,2e-05,0
MY_N11465075859,Sarawak,0,36.0,0.000178,0
MY_N12222591753,Sarawak,0,36.0,9e-05,0
MY_N12112838716,Sarawak,0,36.0,0.003589,0
MY_N12243059849,Sarawak,1,36.0,0.798231,1
MY_N11528285260,Sarawak,0,36.0,0.000347,0
MY_N11536997187,Sarawak,0,36.0,7e-06,0
MY_N12105659133,Sarawak,0,36.0,0.008037,0
MY_N12433988983,Sarawak,0,36.0,1.1382,0
MY_N12284680509,Sarawak,0,36.0,1e-05,0
MY_N12284680513,Sarawak,0,36.0,1.2e-05,0
MY_N12513784874,Sarawak,0,36.0,4e-06,0
MY_N11524986796,Sarawak,0,36.0,0.0,0
MY_N12103811729,Sarawak,0,36.0,0.00658,0
MY_N12102882755,Sarawak,0,36.0,0.0,0
MY_N12001114536,Sarawak,0,36.0,0.014375,0
MY_N12001114555,Sarawak,0,36.0,5.1e-05,0
MY_N12273280525,Sarawak,0,36.0,3e-06,0
MY_N12090303865,Sarawak,0,36.0,0.000346,0
MY_N11875484221,Sarawak,0,36.0,0.123848,0
MY_N12275922702,Sarawak,0,36.0,0.977864,0
MY_N11494365614,Sarawak,1,36.0,1.888842,1
MY_N11530928262,Sarawak,0,36.0,2e-06,0
MY_N11513739731,Sarawak,1,36.0,0.161032,1
MY_N11536997297,Sarawak,0,36.0,0.007093,0
MY_N12146143720,Sarawak,0,36.0,0.063326,0
MY_N11747587796,Sarawak,1,36.0,1.573225,1
MY_N11478359637,Sarawak,1,36.0,1.131183,1
MY_N11500414303,Sarawak,0,36.0,0.170725,0
MY_N11806114326,Sarawak,2,36.0,0.508156,1
MY_N11770524376,Sarawak,0,36.0,0.000292,0
MY_N12117702098,Sarawak,4,36.0,3.193043,1
MY_N12097503031,Sarawak,4,36.0,2.637532,1
MY_N11755867459,Sarawak,8,36.0,10.477922,1
MY_N12106117448,Sarawak,0,36.0,0.694548,0
MY_N12312150904,Sarawak,0,36.0,0.024443,0
MY_N12304257938,Sarawak,1,36.0,1.251653,1
MY_N11475792788,Sarawak,0,36.0,0.004208,0
MY_N12309364294,Sarawak,20,36.0,18.821386,1
MY_N12040151716,Sarawak,0,36.0,0.273181,0
MY_N11479281286,Sarawak,0,36.0,1.9e-05,0
MY_N12309364295,Sarawak,23,36.0,24.306854,1
MY_N12309364296,Sarawak,5,36.0,7.096451,1
MY_N11815789148,Sarawak,0,36.0,0.061094,0
MY_N12309364297,Sarawak,2,36.0,3.679743,1
MY_N12135759497,Sarawak,7,36.0,5.685129,1
MY_N11808712034,Sarawak,0,36.0,0.207641,0
MY_N12160448277,Sarawak,0,36.0,0.003661,0
MY_N12411576424,Sarawak,0,36.0,0.060598,0
MY_N12093626517,Sarawak,0,36.0,0.003322,0
MY_N12250265699,Sarawak,0,36.0,1.857317,0
MY_N11479281285,Sarawak,0,36.0,0.002688,0
MY_N12316486573,Sarawak,0,36.0,0.011727,0
MY_N11610007739,Sarawak,0,36.0,0.081466,0
MY_N12240441026,Sarawak,0,36.0,0.039003,0
MY_N11556619144,Sarawak,0,36.0,0.687663,0
MY_N12420165772,Sarawak,0,36.0,0.017897,0
MY_N11584348427,Sarawak,0,36.0,0.003095,0
MY_N11990327538,Sarawak,31,36.0,24.565943,1
MY_N11470209272,Sarawak,0,36.0,0.052761,0
MY_N12050962639,Sarawak,0,36.0,0.135931,0
MY_N12035797862,Sarawak,0,36.0,0.162223,0
MY_N12145362317,Sarawak,0,36.0,0.001652,0
MY_N12118515279,Sarawak,0,36.0,0.175825,0
MY_N12227780480,Sarawak,0,36.0,0.01135,0
MY_N12035797853,Sarawak,0,36.0,0.069031,0
MY_N6354464187,Sarawak,7,8.0,5.493673,1
MY_N12035797852,Sarawak,0,36.0,0.14005,0
MY_N12035797854,Sarawak,0,36.0,0.38732,0
MY_N11581896101,Sarawak,0,36.0,0.033391,0
MY_N12035797857,Sarawak,0,36.0,0.038484,0
MY_N12035797856,Sarawak,0,36.0,0.034749,0
MY_N12035797855,Sarawak,0,36.0,0.657284,0
MY_N12128924931,Sarawak,0,36.0,0.000444,0
MY_N11472433066,Sarawak,8,36.0,11.872132,1
MY_N11608082001,Sarawak,0,36.0,0.034243,0
MY_N11476096501,Sarawak,0,36.0,0.009826,0
MY_N11659562128,Sarawak,8,36.0,3.795385,1
MY_N11659562129,Sarawak,29,36.0,24.414798,1
MY_N11659562130,Sarawak,4,36.0,4.494206,1
MY_N11659562131,Sarawak,12,36.0,12.614044,1
MY_N11659562132,Sarawak,0,36.0,1.4e-05,0
MY_N11659562133,Sarawak,1,36.0,0.894773,1
MY_N11659562141,Sarawak,2,36.0,5.163582,1
MY_N11659562142,Sarawak,35,36.0,27.284466,1
MY_N11875484227,Sarawak,0,36.0,0.006868,0
MY_N12138116212,Sarawak,19,36.0,18.081509,1
MY_N11493783227,Sarawak,0,36.0,0.075937,0
MY_N11875484226,Sarawak,9,36.0,7.94822,1
MY_N12109825595,Sarawak,0,36.0,0.036446,0
MY_N12334436706,Sarawak,0,36.0,0.015167,0
MY_N11875484222,Sarawak,0,36.0,1.3e-05,0
MY_N12270341400,Sarawak,10,36.0,8.757303,1
MY_N12132195205,Sarawak,0,36.0,0.001434,0
MY_N12278677313,Sarawak,0,36.0,0.000198,0
MY_N11991939583,Sarawak,0,36.0,0.058706,0
MY_N12258694524,Sarawak,0,36.0,0.012915,0
MY_N12227903176,Sarawak,1,36.0,1.540918,1
MY_N12258461026,Sarawak,0,36.0,0.197602,0
MY_N11463098096,Sarawak,0,36.0,0.002123,0
MY_N11609644622,Sarawak,15,36.0,20.872,1
MY_N11875484225,Sarawak,0,36.0,0.141299,0
MY_N12258444889,Sarawak,0,36.0,0.159843,0
MY_N11787027806,Sarawak,0,36.0,0.017618,0
MY_N11463098097,Sarawak,0,36.0,0.071443,0
MY_N11637810092,Sarawak,0,36.0,0.669271,0
MY_N11515263684,Sarawak,0,36.0,0.082637,0
MY_N11515263700,Sarawak,0,36.0,0.000574,0
MY_N11637810090,Sarawak,0,36.0,0.054953,0
MY_N12270101746,Sarawak,0,36.0,1.9e-05,0
MY_N12118428198,Sarawak,0,36.0,0.074803,0
MY_N12097355159,Sarawak,0,36.0,0.27123,0
MY_N12000683989,Sarawak,0,36.0,0.767536,0
MY_N12270101729,Sarawak,0,36.0,0.000194,0
MY_N11998923957,Sarawak,1,36.0,0.363087,1
MY_N12118412113,Sarawak,0,36.0,0.872255,0
MY_N12131514589,Sarawak,4,36.0,1.885108,1
MY_N12131514594,Sarawak,4,36.0,2.386524,1
MY_N12131514586,Sarawak,0,36.0,0.022953,0
MY_N12131514588,Sarawak,1,36.0,1.120713,1
MY_N12131514585,Sarawak,3,36.0,4.431983,1
MY_N12131514587,Sarawak,0,36.0,0.277188,0
MY_N11875484223,Sarawak,6,36.0,4.771988,1
MY_N11875484224,Sarawak,43,36.0,27.405847,1
MY_N12135375724,Sarawak,0,36.0,0.270725,0
MY_N12135375710,Sarawak,1,36.0,0.358348,1
MY_N12135373696,Sarawak,20,36.0,20.650547,1
MY_N12135375711,Sarawak,24,36.0,27.108876,1
MY_N13335389686,Sarawak,2,36.0,1.778411,1
MY_N2669688740,Sarawak,0,36.0,0.011904,0
MY_N13335390186,Sarawak,11,36.0,13.770969,1
MY_N11875484219,Sarawak,1,36.0,0.282314,1
MY_N11875484217,Sarawak,0,36.0,0.035986,0
MY_N11806207720,Sarawak,0,36.0,6e-06,0
MY_N3458624509,Sarawak,1,36.0,0.947245,1
MY_N11875484218,Sarawak,1,36.0,0.827325,1
MY_N3458624508,Sarawak,0,36.0,0.150102,0
MY_N4798173661,Sarawak,1,36.0,0.019474,1
MY_N4822914443,Labuan,0,36.0,0.019639,0
MY_N7033248825,Sarawak,37,36.0,28.8,1
MY_N11521176120,Labuan,0,36.0,6e-05,0
MY_N3269166213,Sabah,0,36.0,0.030075,0
MY_N10125233295,Sabah,0,36.0,0.000211,0
MY_N10125233294,Sabah,0,36.0,0.0,0
MY_N10251772774,Sabah,0,36.0,0.046234,0
MY_N10137863759,Sabah,0,36.0,0.200546,0
MY_N10263911645,Sabah,0,36.0,0.341906,0
MY_N10264085957,Sabah,0,36.0,0.001215,0
MY_N10264190520,Sabah,0,36.0,0.00021,0
MY_N10179178545,Sabah,0,36.0,4.5e-05,0
MY_N12462362562,Sabah,0,36.0,0.143035,0
MY_N12462421365,Sabah,0,36.0,0.053621,0
MY_N12462360044,Sabah,0,36.0,0.108542,0
MY_N12462366356,Sabah,0,36.0,0.000339,0
MY_N12462397948,Sabah,0,36.0,0.002162,0
MY_N12462360043,Sabah,0,36.0,0.000313,0
MY_N12462360045,Sabah,0,36.0,0.012501,0
MY_N12462362561,Sabah,0,36.0,0.00028,0
MY_N12462366355,Sabah,0,36.0,0.00116,0
MY_N12462397947,Sabah,0,36.0,0.001649,0
MY_N12462445716,Sabah,0,36.0,0.000432,0
MY_N12462366354,Sabah,0,36.0,0.000544,0
MY_N12462397946,Sabah,0,36.0,0.00052,0
MY_N12462445717,Sabah,0,36.0,0.022163,0
MY_N12462362564,Sabah,0,36.0,0.001168,0
MY_N12462388214,Sabah,0,36.0,0.004265,0
MY_N12462362563,Sabah,0,36.0,8e-06,0
MY_N13759043085,Sabah,0,36.0,7.3e-05,0
MY_W1496819391,Sabah,10,36.0,6.091693,1
MY_W1183622030,Sabah,18,36.0,20.430483,1
MY_N5202494203,Sabah,0,36.0,0.000668,0
MY_N13719964947,Sabah,0,36.0,1e-06,0
MY_N13719053843,Sabah,0,36.0,0.001655,0
MY_N5115603531,Sabah,13,36.0,18.286404,1
MY_N5159160718,Sabah,0,36.0,0.029793,0
MY_N5188734187,Sabah,6,36.0,8.148426,1
MY_N1662637919,Sabah,18,36.0,26.784677,1
MY_N1662564012,Sabah,31,36.0,23.35963,1
MY_N9935128396,Sabah,0,36.0,0.023336,0
MY_N1648142937,Sabah,0,36.0,1.2e-05,0
MY_N1648142940,Sabah,0,36.0,0.005553,0
MY_N1648142939,Sabah,0,36.0,1.9e-05,0
MY_N13531662855,Sabah,0,36.0,0.001764,0
MY_N4824910112,Sabah,0,36.0,0.002231,0
MY_N13809732758,Sabah,2,36.0,0.862158,1
MY_N4405530070,Sabah,0,36.0,0.050134,0
MY_N6727065189,Sabah,0,36.0,0.009651,0
MY_N13809732305,Sabah,0,36.0,2.11931,0
MY_N13771359079,Sabah,0,36.0,0.070412,0
MY_N9983597281,Sabah,0,36.0,0.009374,0
MY_N9983597288,Sabah,0,36.0,8.4e-05,0
MY_N9919057003,Sabah,0,36.0,0.114051,0
MY_N1988043288,Sabah,0,36.0,2.6e-05,0
MY_N9919057004,Sabah,0,36.0,0.009595,0
MY_N9919057005,Sabah,0,36.0,2.2e-05,0
MY_N1988043289,Sabah,0,36.0,0.000198,0
MY_N9968171086,Sabah,3,36.0,1.47052,1
MY_N13807032941,Sabah,0,36.0,0.001465,0
MY_N7852427612,Sabah,0,36.0,0.0,0
MY_N1663990392,Sabah,0,36.0,0.0,0
MY_N7853152961,Sabah,0,36.0,0.002441,0
MY_N11950354037,Sabah,0,36.0,0.001743,0
MY_N8267445980,Sabah,0,36.0,1.8e-05,0
MY_N1662840937,unassigned,0,36.0,4e-05,0
