factor,feature_columns,catalog_name,website_url,catalog_url,role,readiness,limitation
tower_locations,tower_id|lon|lat,beaconDB,https://beacondb.net/,https://geospatialcatalog.com/beacondb,tower location candidate,blocked_no_bulk_dump,The public API performs geolocation lookups; the provider states that bulk dumps are not yet available.
terrain_dem,slope_deg|tri,Copernicus Digital Elevation Model (DEM),https://registry.opendata.aws/copernicus-dem/,https://geospatialcatalog.com/copernicus-digital-elevation-model-dem,30 m elevation raster,downloadable,Surface model includes buildings and vegetation; derive slope/TRI with documented raster processing.
hand_flood,hand_m,Global 30m Height Above Nearest Drainage (HAND),https://registry.opendata.aws/glo-30-hand/,https://geospatialcatalog.com/global-30m-height-above-nearest-drainage-hand,precomputed 30 m HAND raster,downloadable,Near-worldwide land coverage; confirm tile coverage for the selected AOI.
satellite_imagery,dist_water_m,Sentinel-2 Cloud-Optimized GeoTIFFs,https://registry.opendata.aws/sentinel-2-l2a-cogs/,https://geospatialcatalog.com/sentinel-2-cloud-optimized-geotiffs,Sentinel-2 L2A imagery for water segmentation,downloadable,Select a low-cloud observation window and cache the exact scene IDs.
buildings_exposure,exposed_pop,Microsoft Buildings,https://github.com/microsoft/buildings,https://geospatialcatalog.com/microsoft-buildings,global building footprints,downloadable,Coverage and model vintage vary; validate footprint density in the chosen AOI.
population_exposure,exposed_pop,Population Density Maps,https://dataforgood.fb.com/tools/population-density-maps/,https://geospatialcatalog.com/population-density-maps,high-resolution population estimates,provider_review_required,"Confirm current download route, licence, vintage, and ASEAN coverage with the provider."
lightning,flash_density,NASA Earthdata Lightning,https://ghrc.nsstc.nasa.gov/lightning/dataset-info.html,https://geospatialcatalog.com/nasa-earthdata-lightning,NASA lightning products,provider_review_required,Select and document the exact LIS/OTD climatology product and units before sampling.
power_grid,dist_power_m,Geofabrik,https://download.geofabrik.de/,https://geospatialcatalog.com/geofabrik,downloadable OpenStreetMap regional extracts,downloadable,Filter power=line/cable features; community completeness varies by country.
power_grid,dist_power_m,Open Infrastructure Map,https://openinframap.org/,https://geospatialcatalog.com/open-infrastructure-map,power-infrastructure discovery and visual QA,discovery_only,"Use underlying OpenStreetMap extracts for reproducible computation, not map tiles."
