node,SessionID,n_measurements,median_level_dbm,median_snr,median_cqi,link_distance_m,median_speed_kmh,network_tech,operator,lon,lat,hand_m,slope_deg,tri,dist_water_m,dist_power_m,physical_site_group,session_ts
10171,1,3,-102.0,-2.0,9.0,510.23998733079566,0.0,4G,Operator A,101.6054603,3.07053251,0.0,14.096096098071754,19.57526035598886,96.31007195674611,522.7147029984762,10171,2024-12-03T15:52:02Z
10171,2,7,-80.0,11.0,9.0,121.48890485342177,1.0,4G,Operator A,101.6054603,3.07053251,0.0,14.096096098071754,19.57526035598886,96.31007195674611,522.7147029984762,10171,2024-12-03T16:15:39Z
10171,7,7,-82.0,2.0,12.0,320.723727724861,4.0,4G,Operator A,101.6054603,3.07053251,0.0,14.096096098071754,19.57526035598886,96.31007195674611,522.7147029984762,10171,2024-12-12T12:23:58Z
10171,12,1,-88.0,-6.0,11.0,312.9628684037165,5.0,4G,Operator A,101.6054603,3.07053251,0.0,14.096096098071754,19.57526035598886,96.31007195674611,522.7147029984762,10171,2025-01-07T10:24:59Z
10171,23,312,-89.0,9.0,11.0,241.82076455365078,3.0,4G,Operator A,101.6054603,3.07053251,0.0,14.096096098071754,19.57526035598886,96.31007195674611,522.7147029984762,10171,2025-04-02T12:54:29Z
11161,5,2,-118.5,-7.0,3.0,907.6943322402296,23.0,4G,Operator A,101.603299,3.06854967,5.309439182,8.714298812878507,12.025399565968236,325.47534411492677,588.4669858173661,11161,2024-12-10T12:38:43Z
11161,12,12,-74.0,16.5,13.0,34.40681546054845,4.0,4G,Operator A,101.603299,3.06854967,5.309439182,8.714298812878507,12.025399565968236,325.47534411492677,588.4669858173661,11161,2025-01-07T10:34:24Z
11161,15,1,-83.0,1.0,15.0,376.96523843901446,31.0,4G,Operator A,101.603299,3.06854967,5.309439182,8.714298812878507,12.025399565968236,325.47534411492677,588.4669858173661,11161,2025-01-16T13:40:07Z
11161,17,5,-81.0,4.0,11.0,364.26026843746183,37.0,4G,Operator A,101.603299,3.06854967,5.309439182,8.714298812878507,12.025399565968236,325.47534411492677,588.4669858173661,11161,2025-02-14T12:40:27Z
11161,18,50,-75.5,12.5,11.0,76.03162112768689,3.0,4G,Operator A,101.603299,3.06854967,5.309439182,8.714298812878507,12.025399565968236,325.47534411492677,588.4669858173661,11161,2025-02-20T12:18:50Z
11161,20,2,-81.5,-5.0,6.0,393.4635688593652,29.0,4G,Operator A,101.603299,3.06854967,5.309439182,8.714298812878507,12.025399565968236,325.47534411492677,588.4669858173661,11161,2025-03-06T11:53:40Z
12252,1,9,-103.0,-1.0,9.0,668.7656734423582,2.0,4G,Operator A,101.6058361,3.0607803,2e-05,3.934309910510855,11.537757029231116,123.5186447555074,822.5989162528098,12252,2024-12-03T15:46:55Z
12252,5,57,-95.0,1.0,9.0,148.3322282795317,28.0,4G,Operator A,101.6058361,3.0607803,2e-05,3.934309910510855,11.537757029231116,123.5186447555074,822.5989162528098,12252,2024-12-10T12:38:31Z
12252,11,16,-82.5,1.0,9.0,898.3551944073464,35.0,4G,Operator A,101.6058361,3.0607803,2e-05,3.934309910510855,11.537757029231116,123.5186447555074,822.5989162528098,12252,2024-12-31T12:31:06Z
12252,15,49,-80.0,4.0,12.0,857.2615369886652,37.0,4G,Operator A,101.6058361,3.0607803,2e-05,3.934309910510855,11.537757029231116,123.5186447555074,822.5989162528098,12252,2025-01-16T13:38:12Z
12252,16,218,-104.0,2.0,8.0,233.0865704035611,23.0,4G,Operator A,101.6058361,3.0607803,2e-05,3.934309910510855,11.537757029231116,123.5186447555074,822.5989162528098,12252,2025-01-27T14:31:51Z
12252,17,11,-81.0,-1.0,6.0,556.5265618674165,38.0,4G,Operator A,101.6058361,3.0607803,2e-05,3.934309910510855,11.537757029231116,123.5186447555074,822.5989162528098,12252,2025-02-14T12:38:03Z
12252,18,1,-84.0,5.0,9.0,687.7972641371064,0.0,4G,Operator A,101.6058361,3.0607803,2e-05,3.934309910510855,11.537757029231116,123.5186447555074,822.5989162528098,12252,2025-02-20T12:29:42Z
12252,20,13,-82.0,9.0,9.0,867.5426281149322,38.0,4G,Operator A,101.6058361,3.0607803,2e-05,3.934309910510855,11.537757029231116,123.5186447555074,822.5989162528098,12252,2025-03-06T11:51:42Z
12252,22,321,-101.0,2.0,8.0,236.74929697188634,16.0,4G,Operator A,101.6058361,3.0607803,2e-05,3.934309910510855,11.537757029231116,123.5186447555074,822.5989162528098,12252,2025-03-20T13:42:22Z
16151,5,5,-93.0,-4.0,9.0,873.7307943412724,30.0,4G,Operator A,101.5998692,3.06333711,13.647776604,7.569793294073914,13.973842513124234,105.1665041405302,910.7472993679836,16151,2024-12-10T12:39:38Z
16151,16,37,-105.0,4.0,8.0,135.74606697553583,24.0,4G,Operator A,101.5998692,3.06333711,13.647776604,7.569793294073914,13.973842513124234,105.1665041405302,910.7472993679836,16151,2025-01-27T14:32:06Z
16151,22,62,-106.0,0.0,6.0,90.06830718058859,13.0,4G,Operator A,101.5998692,3.06333711,13.647776604,7.569793294073914,13.973842513124234,105.1665041405302,910.7472993679836,16151,2025-03-20T13:42:43Z
16161,11,6,-85.0,5.0,9.0,12.669511934792602,39.5,4G,Operator A,101.5939899,3.05895633,2.048181534,5.173506655643543,13.930692243760252,266.4855344810989,662.4313391769393,16161,2024-12-31T12:28:38Z
16161,15,13,-85.0,-4.0,9.0,25.29926707981761,43.0,4G,Operator A,101.5939899,3.05895633,2.048181534,5.173506655643543,13.930692243760252,266.4855344810989,662.4313391769393,16161,2025-01-16T13:35:25Z
16161,17,10,-89.0,-2.0,7.0,117.68329587027516,41.0,4G,Operator A,101.5939899,3.05895633,2.048181534,5.173506655643543,13.930692243760252,266.4855344810989,662.4313391769393,16161,2025-02-14T12:35:15Z
22133,11,84,-77.0,2.0,10.5,68.05421675473247,0.0,4G,Operator A,101.592066,3.057131570000001,2.031802416,1.3118491620908863,2.568395893451678,221.23621739074292,391.00809626751675,22133,2024-12-31T12:25:37Z
22133,15,108,-78.0,7.0,11.0,69.80031976252613,23.5,4G,Operator A,101.592066,3.057131570000001,2.031802416,1.3118491620908863,2.568395893451678,221.23621739074292,391.00809626751675,22133,2025-01-16T13:33:00Z
22133,17,52,-82.0,6.0,9.0,153.71417361518303,32.0,4G,Operator A,101.592066,3.057131570000001,2.031802416,1.3118491620908863,2.568395893451678,221.23621739074292,391.00809626751675,22133,2025-02-14T12:32:49Z
22133,20,4,-80.0,7.0,12.0,219.2964684997837,26.5,4G,Operator A,101.592066,3.057131570000001,2.031802416,1.3118491620908863,2.568395893451678,221.23621739074292,391.00809626751675,22133,2025-03-06T11:48:17Z
35372,11,14,-80.5,2.5,9.0,62.003773295198954,34.5,4G,Operator A,101.5983979,3.06198269,2.388100624,2.6515405686855593,3.0715873287727726,57.7700610438949,871.0469559959896,35372,2024-12-31T12:28:41Z
35372,15,47,-81.0,11.0,9.0,203.08846209244035,37.0,4G,Operator A,101.5983979,3.06198269,2.388100624,2.6515405686855593,3.0715873287727726,57.7700610438949,871.0469559959896,35372,2025-01-16T13:35:34Z
35372,16,15,-103.0,3.0,6.0,228.73932603313258,25.0,4G,Operator A,101.5983979,3.06198269,2.388100624,2.6515405686855593,3.0715873287727726,57.7700610438949,871.0469559959896,35372,2025-01-27T14:31:50Z
35372,17,16,-84.0,4.5,8.5,136.33105470655605,36.0,4G,Operator A,101.5983979,3.06198269,2.388100624,2.6515405686855593,3.0715873287727726,57.7700610438949,871.0469559959896,35372,2025-02-14T12:35:27Z
35372,20,7,-77.0,2.0,9.0,559.5446502211503,45.0,4G,Operator A,101.5983979,3.06198269,2.388100624,2.6515405686855593,3.0715873287727726,57.7700610438949,871.0469559959896,35372,2025-03-06T11:48:52Z
35372,22,22,-103.0,1.0,6.0,224.96009810281075,16.0,4G,Operator A,101.5983979,3.06198269,2.388100624,2.6515405686855593,3.0715873287727726,57.7700610438949,871.0469559959896,35372,2025-03-20T13:42:21Z
36933,11,1,-79.0,-1.0,6.0,95.51707882493565,2.0,4G,Operator A,101.6124,3.0789034899999996,0.527772427,0.8022271439367415,1.0523406782809896,476.1168788329549,100.24216197432668,36933,2024-12-31T12:40:52Z
36933,17,15,-81.0,2.0,10.0,108.12021929897092,29.0,4G,Operator A,101.6124,3.0789034899999996,0.527772427,0.8022271439367415,1.0523406782809896,476.1168788329549,100.24216197432668,36933,2025-02-14T12:15:48Z
36933,20,11,-86.0,1.0,10.0,102.82079925718826,33.0,4G,Operator A,101.6124,3.0789034899999996,0.527772427,0.8022271439367415,1.0523406782809896,476.1168788329549,100.24216197432668,36933,2025-03-06T12:00:24Z
95192,17,7,-78.0,3.0,9.0,129.16908281407382,26.0,4G,Operator A,101.6111588,3.0789034899999996,5.645896435,1.1179201018381202,3.530695229548675,338.2681006957335,149.68573530343326,95192,2025-02-14T12:15:36Z
95192,20,14,-76.0,13.0,12.0,102.44792238149647,33.5,4G,Operator A,101.6111588,3.0789034899999996,5.645896435,1.1179201018381202,3.530695229548675,338.2681006957335,149.68573530343326,95192,2025-03-06T12:00:04Z
210038,16,28,-84.0,4.5,9.0,80.46888366069845,4.0,4G,Operator B,101.6031208,3.07280105,0.400392711,4.927963167647736,6.2045981999920885,363.6748265129037,162.0183080692106,210038,2025-02-20T12:51:14Z
210083,4,9,-91.0,6.0,7.0,22.64279414204436,0.0,4G,Operator B,101.6061114,3.06658046,0.0,2.774695898814332,8.426594886048116,57.04864683846163,912.0438460949258,210083,2024-12-11T12:47:14Z
210083,6,15,-95.0,2.0,9.0,329.9978096484457,0.0,4G,Operator B,101.6061114,3.06658046,0.0,2.774695898814332,8.426594886048116,57.04864683846163,912.0438460949258,210083,2024-12-16T11:34:29Z
210083,11,5,-104.0,3.0,7.0,38.35673045799993,0.0,4G,Operator B,101.6061114,3.06658046,0.0,2.774695898814332,8.426594886048116,57.04864683846163,912.0438460949258,210083,2025-01-16T11:40:19Z
210083,20,4,-112.5,-2.0,6.0,444.27828294580354,0.0,4G,Operator B,101.6061114,3.06658046,0.0,2.774695898814332,8.426594886048116,57.04864683846163,912.0438460949258,210083,2025-04-02T12:35:41Z
212644,4,4,-107.0,4.0,9.0,113.70057610055922,0.0,4G,Operator B,101.6077843,3.07343843,3.752753019,5.710765498533158,8.30008733330156,205.60107488462168,260.99563093726977,212644,2024-12-11T13:06:14Z
212644,14,23,-79.0,3.0,8.0,114.99399508278452,44.0,4G,Operator B,101.6077843,3.07343843,3.752753019,5.710765498533158,8.30008733330156,205.60107488462168,260.99563093726977,212644,2025-01-27T13:24:24Z
212644,16,49,-79.0,3.0,9.0,94.565337349385,4.0,4G,Operator B,101.6077843,3.07343843,3.752753019,5.710765498533158,8.30008733330156,205.60107488462168,260.99563093726977,212644,2025-02-20T12:57:15Z
212660,9,32,-86.0,-4.0,10.0,47.2901576297059,41.5,4G,Operator B,101.5987009,3.06389682,0.149824142,0.7154723639003069,1.9178344269131968,25.152941102097977,831.2956939867638,212660,2024-12-31T11:09:55Z
212660,14,2,-94.5,-3.0,6.0,108.74165220469388,18.0,4G,Operator B,101.5987009,3.06389682,0.149824142,0.7154723639003069,1.9178344269131968,25.152941102097977,831.2956939867638,212660,2025-01-27T14:04:28Z
212660,17,8,-89.0,3.5,12.0,277.0240758868133,29.0,4G,Operator B,101.5987009,3.06389682,0.149824142,0.7154723639003069,1.9178344269131968,25.152941102097977,831.2956939867638,212660,2025-03-06T11:43:07Z
212677,9,28,-75.0,11.0,8.5,67.89117441231585,0.0,4G,Operator B,101.5921331,3.057131570000001,2.444796801,1.3118491620908863,2.568395893451678,214.11452977312325,393.23415651037976,212677,2024-12-31T11:04:26Z
212677,17,31,-79.0,8.0,7.0,67.9079668588782,3.0,4G,Operator B,101.5921331,3.057131570000001,2.444796801,1.3118491620908863,2.568395893451678,214.11452977312325,393.23415651037976,212677,2025-03-06T11:46:04Z
215945,3,47,-84.0,9.0,9.0,85.26533898352596,21.0,4G,Operator B,101.6002329,3.06259778,2.456338644,9.76201721000733,9.998727753556084,146.20386713561714,881.1254503831514,215945,2024-12-10T12:04:36Z
215945,14,102,-86.0,12.0,9.0,602.489747903102,22.0,4G,Operator B,101.6002329,3.06259778,2.456338644,9.76201721000733,9.998727753556084,146.20386713561714,881.1254503831514,215945,2025-01-27T13:57:12Z
216175,3,15,-86.0,5.0,9.0,169.16374963268058,26.0,4G,Operator B,101.6027379,3.06062655,5e-05,15.317646148924055,21.841922497346665,71.50737445747902,667.4249954324264,216175,2024-12-10T12:04:18Z
216175,9,7,-79.0,6.0,8.0,513.2430848707099,31.0,4G,Operator B,101.6027379,3.06062655,5e-05,15.317646148924055,21.841922497346665,71.50737445747902,667.4249954324264,216175,2024-12-31T11:09:40Z
216175,14,91,-90.0,7.0,9.0,138.88494100221405,24.0,4G,Operator B,101.6027379,3.06062655,5e-05,15.317646148924055,21.841922497346665,71.50737445747902,667.4249954324264,216175,2025-01-27T13:58:03Z
701673,14,25,-100.0,-5.0,9.0,51.05436255072484,15.0,4G,Operator B,101.6121157,3.07427344,13.221951485,10.56768714298804,14.05483975259885,575.4307754568313,194.15045624251837,701673,2025-01-27T13:47:33Z
701684,1,192,-79.0,8.0,10.0,185.7963979251348,3.0,4G,Operator C,101.6107273,3.07073902,1.324341774,2.8623209682180843,3.1496735009709473,308.66111521610605,501.70791851017174,701684,2024-12-03T11:45:19Z
701684,3,277,-80.0,3.0,9.0,186.50373104716184,20.0,5G,Operator B,101.6107273,3.07073902,1.324341774,2.8623209682180843,3.1496735009709473,308.66111521610605,501.70791851017174,701684,2024-12-10T11:37:57Z
701684,4,364,-78.0,1.0,10.0,183.25128757365445,17.0,4G,Operator C,101.6107273,3.07073902,1.324341774,2.8623209682180843,3.1496735009709473,308.66111521610605,501.70791851017174,701684,2024-12-10T12:53:06Z
701684,5,267,-77.0,2.0,9.0,186.41625794316724,17.0,4G,Operator A,101.6107273,3.07073902,1.324341774,2.8623209682180843,3.1496735009709473,308.66111521610605,501.70791851017174,701684,2024-12-10T12:15:12Z
701684,9,407,-90.0,2.0,11.0,122.3014166460693,35.0,5G,Operator B,101.6107273,3.07073902,1.324341774,2.8623209682180843,3.1496735009709473,308.66111521610605,501.70791851017174,701684,2024-12-31T10:53:38Z
701684,11,272,-85.0,5.0,10.0,150.05381755416232,4.0,5G,Operator A,101.6107273,3.07073902,1.324341774,2.8623209682180843,3.1496735009709473,308.66111521610605,501.70791851017174,701684,2024-12-31T12:11:33Z
701684,12,84,-79.0,16.0,10.0,197.42932756111736,2.0,5G,Operator B,101.6107273,3.07073902,1.324341774,2.8623209682180843,3.1496735009709473,308.66111521610605,501.70791851017174,701684,2025-01-16T12:07:01Z
701684,13,188,-88.0,3.0,10.0,61.02690875119602,30.0,5G,Operator B,101.6107273,3.07073902,1.324341774,2.8623209682180843,3.1496735009709473,308.66111521610605,501.70791851017174,701684,2025-01-16T13:53:04Z
701684,14,538,-91.0,4.0,10.0,203.4285890929762,17.0,5G,Operator C,101.6107273,3.07073902,1.324341774,2.8623209682180843,3.1496735009709473,308.66111521610605,501.70791851017174,701684,2025-01-16T13:02:38Z
701684,15,257,-88.0,2.0,10.0,82.89913902889293,26.0,5G,Operator A,101.6107273,3.07073902,1.324341774,2.8623209682180843,3.1496735009709473,308.66111521610605,501.70791851017174,701684,2025-01-16T13:43:00Z
701684,16,227,-91.0,4.0,9.0,190.03630410827049,19.0,5G,Operator A,101.6107273,3.07073902,1.324341774,2.8623209682180843,3.1496735009709473,308.66111521610605,501.70791851017174,701684,2025-01-27T14:12:06Z
701684,17,252,-87.0,2.0,10.0,104.88526460185713,28.0,5G,Operator B,101.6107273,3.07073902,1.324341774,2.8623209682180843,3.1496735009709473,308.66111521610605,501.70791851017174,701684,2025-02-14T12:11:25Z
701684,18,140,-84.0,2.0,10.0,109.67835789954052,33.0,5G,Operator C,101.6107273,3.07073902,1.324341774,2.8623209682180843,3.1496735009709473,308.66111521610605,501.70791851017174,701684,2025-03-06T12:04:54Z
701684,19,321,-94.0,5.0,10.0,200.18962797819972,16.0,5G,Operator C,101.6107273,3.07073902,1.324341774,2.8623209682180843,3.1496735009709473,308.66111521610605,501.70791851017174,701684,2025-03-20T12:37:38Z
701684,20,83,-85.0,3.0,11.0,51.29658630810325,35.0,5G,Operator A,101.6107273,3.07073902,1.324341774,2.8623209682180843,3.1496735009709473,308.66111521610605,501.70791851017174,701684,2025-03-06T11:56:25Z
701684,22,388,-91.0,4.0,9.0,196.15956043605092,12.0,5G,Operator A,101.6107273,3.07073902,1.324341774,2.8623209682180843,3.1496735009709473,308.66111521610605,501.70791851017174,701684,2025-03-20T13:16:39Z
701688,1,10,-86.5,-4.5,10.0,329.9782868172589,0.5,4G,Operator C,101.6025813,3.06998171,0.256157488,3.6873945614719257,6.924013856764976,389.7430810966365,416.86021258838,701688,2024-12-03T11:30:28Z
701688,2,1,-90.0,0.0,6.0,500.1834894005972,3.0,5G,Operator B,101.6025813,3.06998171,0.256157488,3.6873945614719257,6.924013856764976,389.7430810966365,416.86021258838,701688,2024-12-04T12:29:51Z
701688,3,13,-101.0,-8.0,6.0,849.9193887935068,32.0,4G,Operator B,101.6025813,3.06998171,0.256157488,3.6873945614719257,6.924013856764976,389.7430810966365,416.86021258838,701688,2024-12-04T11:47:49Z
701688,4,4,-94.5,-8.5,7.5,607.0031676472995,15.0,4G,Operator A,101.6025813,3.06998171,0.256157488,3.6873945614719257,6.924013856764976,389.7430810966365,416.86021258838,701688,2024-12-04T12:15:17Z
701688,5,177,-83.0,0.0,10.0,120.75546624379146,4.0,5G,Operator B,101.6025813,3.06998171,0.256157488,3.6873945614719257,6.924013856764976,389.7430810966365,416.86021258838,701688,2024-12-10T12:37:33Z
701688,7,66,-87.0,1.0,9.5,112.6855783842165,4.0,5G,Operator A,101.6025813,3.06998171,0.256157488,3.6873945614719257,6.924013856764976,389.7430810966365,416.86021258838,701688,2024-12-12T12:18:07Z
701688,9,60,-89.0,-1.0,7.0,534.0105770298499,36.0,5G,Operator B,101.6025813,3.06998171,0.256157488,3.6873945614719257,6.924013856764976,389.7430810966365,416.86021258838,701688,2024-12-31T10:57:52Z
701688,10,195,-91.0,0.0,9.0,189.689759522606,3.0,5G,Operator B,101.6025813,3.06998171,0.256157488,3.6873945614719257,6.924013856764976,389.7430810966365,416.86021258838,701688,2025-01-07T09:52:56Z
701688,11,24,-85.0,-5.5,9.0,524.6753799387245,41.0,4G,Operator A,101.6025813,3.06998171,0.256157488,3.6873945614719257,6.924013856764976,389.7430810966365,416.86021258838,701688,2024-12-31T12:16:20Z
701688,12,61,-79.0,2.0,9.0,83.70534147987385,4.0,5G,Operator A,101.6025813,3.06998171,0.256157488,3.6873945614719257,6.924013856764976,389.7430810966365,416.86021258838,701688,2025-01-07T10:29:59Z
701688,13,20,-94.0,-3.0,6.0,535.7937342871554,43.0,5G,Operator B,101.6025813,3.06998171,0.256157488,3.6873945614719257,6.924013856764976,389.7430810966365,416.86021258838,701688,2025-01-16T13:57:39Z
701688,15,9,-86.0,0.0,4.0,532.9975519725784,38.0,5G,Operator C,101.6025813,3.06998171,0.256157488,3.6873945614719257,6.924013856764976,389.7430810966365,416.86021258838,701688,2025-02-14T11:22:28Z
701688,16,90,-85.5,-0.5,9.0,119.55669162464515,4.0,5G,Operator B,101.6025813,3.06998171,0.256157488,3.6873945614719257,6.924013856764976,389.7430810966365,416.86021258838,701688,2025-02-20T12:43:11Z
701688,17,23,-91.0,0.0,6.0,522.063345737638,39.0,5G,Operator A,101.6025813,3.06998171,0.256157488,3.6873945614719257,6.924013856764976,389.7430810966365,416.86021258838,701688,2025-02-14T12:08:18Z
701688,18,28,-79.5,-2.0,9.0,36.38441164644588,4.0,5G,Operator A,101.6025813,3.06998171,0.256157488,3.6873945614719257,6.924013856764976,389.7430810966365,416.86021258838,701688,2025-02-20T12:16:30Z
701753,9,97,-97.0,-1.0,8.0,55.08062503910655,38.0,5G,Operator B,101.6106956,3.06652472,0.00028,5.220311521299938,15.978066105232305,272.8721228534028,758.9207759791477,701753,2024-12-31T10:55:09Z
701753,11,50,-94.5,-3.0,9.0,82.28085289398962,40.0,5G,Operator A,101.6106956,3.06652472,0.00028,5.220311521299938,15.978066105232305,272.8721228534028,758.9207759791477,701753,2024-12-31T12:14:18Z
701753,13,46,-85.0,0.0,10.0,106.5417838935929,38.0,4G,Operator C,101.6106956,3.06652472,0.00028,5.220311521299938,15.978066105232305,272.8721228534028,758.9207759791477,701753,2025-01-16T13:54:50Z
701753,15,69,-95.0,-3.0,8.0,71.38471230347447,33.0,5G,Operator A,101.6106956,3.06652472,0.00028,5.220311521299938,15.978066105232305,272.8721228534028,758.9207759791477,701753,2025-01-16T13:42:40Z
701753,17,80,-94.0,0.0,8.0,89.24535505251109,42.0,5G,Operator A,101.6106956,3.06652472,0.00028,5.220311521299938,15.978066105232305,272.8721228534028,758.9207759791477,701753,2025-02-14T12:10:58Z
701753,18,23,-93.0,-3.0,8.0,45.26118359582905,35.0,5G,Operator C,101.6106956,3.06652472,0.00028,5.220311521299938,15.978066105232305,272.8721228534028,758.9207759791477,701753,2025-03-06T12:06:33Z
701753,20,23,-88.0,-2.0,7.0,91.52587429147506,43.0,5G,Operator A,101.6106956,3.06652472,0.00028,5.220311521299938,15.978066105232305,272.8721228534028,758.9207759791477,701753,2025-03-06T11:56:03Z
701775,5,54,-80.0,5.0,10.0,33.20206485899786,3.0,5G,Operator B,101.6027111,3.07277511,1.119623423,2.1215741289071453,3.636194368461824,356.5093726141213,131.37993837448846,701775,2024-12-12T11:40:39Z
701775,7,28,-84.0,4.5,10.0,33.06114135932313,3.0,5G,Operator A,101.6027111,3.07277511,1.119623423,2.1215741289071453,3.636194368461824,356.5093726141213,131.37993837448846,701775,2024-12-12T12:26:41Z
701775,10,53,-86.0,4.0,11.0,46.898750890302544,3.0,5G,Operator B,101.6027111,3.07277511,1.119623423,2.1215741289071453,3.636194368461824,356.5093726141213,131.37993837448846,701775,2025-01-07T10:03:00Z
701775,12,32,-82.0,4.0,10.0,43.64151369090124,4.0,5G,Operator A,101.6027111,3.07277511,1.119623423,2.1215741289071453,3.636194368461824,356.5093726141213,131.37993837448846,701775,2025-01-07T10:24:35Z
701775,14,66,-94.0,5.5,10.5,165.46907693545666,50.0,5G,Operator B,101.6027111,3.07277511,1.119623423,2.1215741289071453,3.636194368461824,356.5093726141213,131.37993837448846,701775,2025-01-27T13:25:09Z
701775,16,7,-77.0,0.0,10.0,27.17384457735194,4.0,4G,Operator B,101.6027111,3.07277511,1.119623423,2.1215741289071453,3.636194368461824,356.5093726141213,131.37993837448846,701775,2025-02-20T12:52:22Z
701775,18,28,-83.0,3.0,9.0,38.15715683709124,4.0,5G,Operator A,101.6027111,3.07277511,1.119623423,2.1215741289071453,3.636194368461824,356.5093726141213,131.37993837448846,701775,2025-02-20T12:12:01Z
701796,5,136,-88.5,0.0,10.0,103.40375975427142,3.0,5G,Operator B,101.6047775,3.07315645,7e-05,2.014305824881669,4.146506243962917,320.91522007269526,317.7472881200115,701796,2024-12-12T11:42:31Z
701796,7,65,-89.0,1.0,9.0,89.62265734196488,4.0,5G,Operator A,101.6047775,3.07315645,7e-05,2.014305824881669,4.146506243962917,320.91522007269526,317.7472881200115,701796,2024-12-12T12:28:54Z
701796,10,138,-94.0,0.0,9.5,113.41608097825406,4.0,5G,Operator B,101.6047775,3.07315645,7e-05,2.014305824881669,4.146506243962917,320.91522007269526,317.7472881200115,701796,2025-01-07T10:04:36Z
701796,12,63,-104.0,0.0,9.0,161.66912798949795,4.0,5G,Operator A,101.6047775,3.07315645,7e-05,2.014305824881669,4.146506243962917,320.91522007269526,317.7472881200115,701796,2025-01-07T10:18:39Z
701796,14,112,-106.0,-1.0,9.0,233.1789494156798,7.0,5G,Operator B,101.6047775,3.07315645,7e-05,2.014305824881669,4.146506243962917,320.91522007269526,317.7472881200115,701796,2025-01-27T13:24:19Z
701796,16,11,-80.0,-6.0,9.0,52.48547360273744,3.0,4G,Operator B,101.6047775,3.07315645,7e-05,2.014305824881669,4.146506243962917,320.91522007269526,317.7472881200115,701796,2025-02-20T12:53:56Z
701796,18,6,-82.0,3.0,6.0,40.3232851419024,4.0,5G,Operator A,101.6047775,3.07315645,7e-05,2.014305824881669,4.146506243962917,320.91522007269526,317.7472881200115,701796,2025-02-20T12:09:36Z
701806,1,5,-86.0,-3.0,10.0,368.66413673692546,0.0,4G,Operator C,101.6101976,3.07598075,2.179637671,4.588981914750556,5.86841364508085,383.63825069752494,17.319003995829355,701806,2024-12-03T11:54:19Z
701806,3,39,-95.0,3.0,9.0,259.79886684520216,14.0,5G,Operator B,101.6101976,3.07598075,2.179637671,4.588981914750556,5.86841364508085,383.63825069752494,17.319003995829355,701806,2024-12-10T11:40:05Z
701806,4,56,-85.0,3.0,10.0,334.6265518507766,17.0,4G,Operator C,101.6101976,3.07598075,2.179637671,4.588981914750556,5.86841364508085,383.63825069752494,17.319003995829355,701806,2024-12-10T12:56:47Z
701806,5,93,-92.0,-1.0,9.0,351.8231041418989,5.0,5G,Operator A,101.6101976,3.07598075,2.179637671,4.588981914750556,5.86841364508085,383.63825069752494,17.319003995829355,701806,2024-12-10T12:18:34Z
701806,7,38,-97.5,-4.0,9.0,393.307916620215,4.0,5G,Operator A,101.6101976,3.07598075,2.179637671,4.588981914750556,5.86841364508085,383.63825069752494,17.319003995829355,701806,2024-12-12T12:34:18Z
701806,9,451,-87.0,8.0,11.0,140.4162078234267,34.0,5G,Operator B,101.6101976,3.07598075,2.179637671,4.588981914750556,5.86841364508085,383.63825069752494,17.319003995829355,701806,2024-12-31T10:51:17Z
701806,10,61,-104.0,-2.0,9.0,425.1665475436103,4.0,5G,Operator C,101.6101976,3.07598075,2.179637671,4.588981914750556,5.86841364508085,383.63825069752494,17.319003995829355,701806,2025-01-07T10:11:25Z
701806,11,183,-83.0,11.0,10.0,141.47593385828057,35.0,5G,Operator A,101.6101976,3.07598075,2.179637671,4.588981914750556,5.86841364508085,383.63825069752494,17.319003995829355,701806,2024-12-31T12:09:57Z
701806,12,51,-102.0,0.0,10.0,328.9086140041719,4.0,5G,Operator A,101.6101976,3.07598075,2.179637671,4.588981914750556,5.86841364508085,383.63825069752494,17.319003995829355,701806,2025-01-07T10:17:09Z
701806,13,203,-89.0,2.0,10.0,77.9515781318719,30.0,5G,Operator B,101.6101976,3.07598075,2.179637671,4.588981914750556,5.86841364508085,383.63825069752494,17.319003995829355,701806,2025-01-16T13:50:53Z
701806,14,143,-95.0,3.0,9.0,239.30570499581503,9.0,5G,Operator B,101.6101976,3.07598075,2.179637671,4.588981914750556,5.86841364508085,383.63825069752494,17.319003995829355,701806,2025-01-16T13:02:13Z
701806,15,326,-84.0,5.0,10.0,119.14659264252592,28.0,5G,Operator A,101.6101976,3.07598075,2.179637671,4.588981914750556,5.86841364508085,383.63825069752494,17.319003995829355,701806,2025-01-16T13:45:18Z
701806,16,50,-94.0,3.0,8.0,260.24991028708365,13.0,5G,Operator A,101.6101976,3.07598075,2.179637671,4.588981914750556,5.86841364508085,383.63825069752494,17.319003995829355,701806,2025-01-27T14:13:44Z
701806,17,266,-82.0,6.0,10.0,136.24341643928625,32.0,5G,Operator B,101.6101976,3.07598075,2.179637671,4.588981914750556,5.86841364508085,383.63825069752494,17.319003995829355,701806,2025-02-14T12:13:36Z
701806,18,122,-85.0,3.5,10.0,87.99619191744598,27.0,5G,Operator C,101.6101976,3.07598075,2.179637671,4.588981914750556,5.86841364508085,383.63825069752494,17.319003995829355,701806,2025-03-06T12:03:23Z
701806,19,24,-81.0,3.0,8.5,238.00441669103995,18.0,5G,Operator C,101.6101976,3.07598075,2.179637671,4.588981914750556,5.86841364508085,383.63825069752494,17.319003995829355,701806,2025-03-20T12:38:05Z
701806,20,104,-85.0,3.0,10.0,103.10057507046653,22.0,5G,Operator A,101.6101976,3.07598075,2.179637671,4.588981914750556,5.86841364508085,383.63825069752494,17.319003995829355,701806,2025-03-06T11:58:06Z
701806,22,6,-78.5,1.5,6.0,234.42204983611884,6.0,5G,Operator A,101.6101976,3.07598075,2.179637671,4.588981914750556,5.86841364508085,383.63825069752494,17.319003995829355,701806,2025-03-20T13:21:04Z
701866,9,7,-111.0,-2.0,4.0,4.381742554794553,30.0,5G,Operator B,101.5980033,3.06161728,1.677021265,2.1152113117929803,5.983679865739446,102.01904756921894,852.6593146430664,701866,2024-12-31T11:09:37Z
701866,14,55,-107.0,0.0,9.0,1319.3106249888758,49.0,5G,Operator B,101.5980033,3.06161728,1.677021265,2.1152113117929803,5.983679865739446,102.01904756921894,852.6593146430664,701866,2025-01-27T13:25:56Z
701866,20,3,-96.0,0.0,4.0,16.866947577505545,35.0,5G,Operator A,101.5980033,3.06161728,1.677021265,2.1152113117929803,5.983679865739446,102.01904756921894,852.6593146430664,701866,2025-03-06T11:51:18Z
701872,9,61,-93.0,2.0,9.0,95.55981808887903,25.0,5G,Operator C,101.61202,3.0789034899999996,0.68147999,3.475534314288133,5.575848976995154,433.90549262607095,115.66355753030766,701872,2024-12-31T10:50:23Z
701872,11,24,-94.5,2.0,7.0,95.72755383351391,28.0,5G,Operator A,101.61202,3.0789034899999996,0.68147999,3.475534314288133,5.575848976995154,433.90549262607095,115.66355753030766,701872,2024-12-31T12:06:32Z
701872,13,11,-96.0,-2.0,6.0,99.84615929125245,14.0,5G,Operator C,101.61202,3.0789034899999996,0.68147999,3.475534314288133,5.575848976995154,433.90549262607095,115.66355753030766,701872,2025-01-16T13:50:19Z
701872,15,41,-95.0,-3.0,9.0,95.56035156361315,23.0,5G,Operator B,101.61202,3.0789034899999996,0.68147999,3.475534314288133,5.575848976995154,433.90549262607095,115.66355753030766,701872,2025-01-16T13:47:59Z
701872,17,47,-95.0,-1.0,8.0,95.68039344759187,26.0,5G,Operator B,101.61202,3.0789034899999996,0.68147999,3.475534314288133,5.575848976995154,433.90549262607095,115.66355753030766,701872,2025-02-14T12:16:01Z
701872,18,3,-98.0,-1.0,6.0,97.82332781619729,24.0,5G,Operator C,101.61202,3.0789034899999996,0.68147999,3.475534314288133,5.575848976995154,433.90549262607095,115.66355753030766,701872,2025-03-06T12:32:22Z
701872,20,6,-93.0,-4.0,11.0,95.59718705764436,26.0,5G,Operator A,101.61202,3.0789034899999996,0.68147999,3.475534314288133,5.575848976995154,433.90549262607095,115.66355753030766,701872,2025-03-06T12:00:37Z
701888,9,141,-89.0,4.0,10.0,112.00478594752,35.0,5G,Operator B,101.6107861,3.0789034899999996,8.381466866,1.5919766767862569,6.256785378411668,296.8978620827921,147.41182942612826,701888,2024-12-31T10:50:47Z
701888,11,47,-88.0,2.0,9.0,113.92229797339763,31.0,5G,Operator A,101.6107861,3.0789034899999996,8.381466866,1.5919766767862569,6.256785378411668,296.8978620827921,147.41182942612826,701888,2024-12-31T12:09:32Z
701888,13,51,-91.0,0.0,10.0,138.40022895972797,24.0,5G,Operator C,101.6107861,3.0789034899999996,8.381466866,1.5919766767862569,6.256785378411668,296.8978620827921,147.41182942612826,701888,2025-01-16T13:50:31Z
701888,15,29,-95.0,5.0,9.0,140.4966718323371,32.0,5G,Operator A,101.6107861,3.0789034899999996,8.381466866,1.5919766767862569,6.256785378411668,296.8978620827921,147.41182942612826,701888,2025-01-16T13:47:25Z
701888,17,2,-102.0,-7.0,3.0,159.48467941405968,18.5,5G,Operator A,101.6107861,3.0789034899999996,8.381466866,1.5919766767862569,6.256785378411668,296.8978620827921,147.41182942612826,701888,2025-02-14T12:15:44Z
701888,18,14,-105.0,-3.0,4.0,125.3759960861119,28.5,5G,Operator C,101.6107861,3.0789034899999996,8.381466866,1.5919766767862569,6.256785378411668,296.8978620827921,147.41182942612826,701888,2025-03-06T12:31:38Z
701888,20,3,-89.0,0.0,5.0,96.09722762630287,34.0,5G,Operator A,101.6107861,3.0789034899999996,8.381466866,1.5919766767862569,6.256785378411668,296.8978620827921,147.41182942612826,701888,2025-03-06T12:00:02Z
701895,9,154,-94.0,-2.0,9.0,96.54998072392566,15.0,5G,Operator B,101.6123955,3.0789034899999996,0.527772427,0.8022271439367415,1.0523406782809896,475.6169768691159,100.42478376334785,701895,2024-12-31T10:49:40Z
701895,11,57,-98.0,-3.0,8.0,101.88333140097204,25.0,5G,Operator A,101.6123955,3.0789034899999996,0.527772427,0.8022271439367415,1.0523406782809896,475.6169768691159,100.42478376334785,701895,2024-12-31T12:06:24Z
701895,13,49,-99.0,-4.0,7.0,101.94559727789057,17.0,5G,Operator C,101.6123955,3.0789034899999996,0.527772427,0.8022271439367415,1.0523406782809896,475.6169768691159,100.42478376334785,701895,2025-01-16T13:50:22Z
701895,15,85,-96.0,-4.0,8.0,101.84068129802877,19.0,5G,Operator A,101.6123955,3.0789034899999996,0.527772427,0.8022271439367415,1.0523406782809896,475.6169768691159,100.42478376334785,701895,2025-01-16T13:47:49Z
701895,17,72,-93.0,-3.0,8.0,104.82480836510985,25.0,5G,Operator B,101.6123955,3.0789034899999996,0.527772427,0.8022271439367415,1.0523406782809896,475.6169768691159,100.42478376334785,701895,2025-02-14T12:15:50Z
701895,18,69,-99.0,-4.0,10.0,95.4668822309672,4.0,5G,Operator C,101.6123955,3.0789034899999996,0.527772427,0.8022271439367415,1.0523406782809896,475.6169768691159,100.42478376334785,701895,2025-03-06T12:32:05Z
701895,20,43,-93.0,-3.0,8.0,96.02958811162549,17.0,5G,Operator A,101.6123955,3.0789034899999996,0.527772427,0.8022271439367415,1.0523406782809896,475.6169768691159,100.42478376334785,701895,2025-03-06T12:00:43Z
701905,1,224,-87.0,0.0,10.0,475.5189748102431,2.0,5G,Operator A,101.6055148,3.07049259,0.0,14.096096098071754,19.57526035598886,88.82418237358458,530.1697870269946,701905,2024-12-03T11:31:23Z
701905,2,183,-81.0,7.0,10.0,101.67986330891995,1.0,4G,Operator C,101.6055148,3.07049259,0.0,14.096096098071754,19.57526035598886,88.82418237358458,530.1697870269946,701905,2024-12-03T12:01:41Z
701905,3,7,-77.0,1.0,9.0,407.6750457337534,0.0,4G,Operator A,101.6055148,3.07049259,0.0,14.096096098071754,19.57526035598886,88.82418237358458,530.1697870269946,701905,2024-12-04T11:14:04Z
701905,4,214,-87.0,3.0,9.0,325.3888435825744,3.0,4G,Operator B,101.6055148,3.07049259,0.0,14.096096098071754,19.57526035598886,88.82418237358458,530.1697870269946,701905,2024-12-11T12:47:33Z
701905,5,44,-80.0,3.0,10.0,347.64429108487934,3.0,5G,Operator C,101.6055148,3.07049259,0.0,14.096096098071754,19.57526035598886,88.82418237358458,530.1697870269946,701905,2024-12-12T11:33:13Z
701905,6,1119,-88.0,5.0,10.0,157.6189811752841,3.0,4G,Operator C,101.6055148,3.07049259,0.0,14.096096098071754,19.57526035598886,88.82418237358458,530.1697870269946,701905,2024-12-16T11:16:02Z
701905,7,304,-87.0,5.0,9.0,71.74106364371985,2.0,4G,Operator B,101.6055148,3.07049259,0.0,14.096096098071754,19.57526035598886,88.82418237358458,530.1697870269946,701905,2024-12-12T12:24:25Z
701905,8,1245,-89.0,6.0,10.0,257.2370124740935,3.0,5G,Operator B,101.6055148,3.07049259,0.0,14.096096098071754,19.57526035598886,88.82418237358458,530.1697870269946,701905,2024-12-16T10:36:16Z
701905,9,190,-93.0,3.0,9.0,103.6523404014718,3.0,4G,Operator A,101.6055148,3.07049259,0.0,14.096096098071754,19.57526035598886,88.82418237358458,530.1697870269946,701905,2024-12-17T11:31:27Z
701905,10,396,-91.0,5.0,10.0,317.3808224138764,3.0,5G,Operator A,101.6055148,3.07049259,0.0,14.096096098071754,19.57526035598886,88.82418237358458,530.1697870269946,701905,2024-12-22T12:30:32Z
701905,11,244,-92.0,3.0,10.0,397.7891023681961,1.0,5G,Operator B,101.6055148,3.07049259,0.0,14.096096098071754,19.57526035598886,88.82418237358458,530.1697870269946,701905,2024-12-31T12:32:48Z
701905,12,233,-88.0,4.0,10.0,330.52957829977703,2.0,5G,Operator C,101.6055148,3.07049259,0.0,14.096096098071754,19.57526035598886,88.82418237358458,530.1697870269946,701905,2025-01-07T10:23:08Z
701905,13,142,-87.0,7.0,10.0,167.11745103094938,1.0,5G,Operator A,101.6055148,3.07049259,0.0,14.096096098071754,19.57526035598886,88.82418237358458,530.1697870269946,701905,2025-01-16T12:35:57Z
701905,14,96,-96.0,0.5,9.0,482.87314538295334,3.0,5G,Operator A,101.6055148,3.07049259,0.0,14.096096098071754,19.57526035598886,88.82418237358458,530.1697870269946,701905,2025-01-16T13:09:08Z
701905,15,9,-91.0,-1.0,6.0,578.2493833448157,40.0,5G,Operator A,101.6055148,3.07049259,0.0,14.096096098071754,19.57526035598886,88.82418237358458,530.1697870269946,701905,2025-01-16T13:40:29Z
701905,16,22,-81.5,2.0,6.0,374.7345150092608,4.0,4G,Operator B,101.6055148,3.07049259,0.0,14.096096098071754,19.57526035598886,88.82418237358458,530.1697870269946,701905,2025-01-27T14:29:35Z
701905,17,105,-90.0,3.0,9.0,355.7674842320761,1.0,5G,Operator C,101.6055148,3.07049259,0.0,14.096096098071754,19.57526035598886,88.82418237358458,530.1697870269946,701905,2025-02-14T12:08:32Z
701905,18,42,-85.0,0.0,9.0,351.3761879706377,4.0,5G,Operator A,101.6055148,3.07049259,0.0,14.096096098071754,19.57526035598886,88.82418237358458,530.1697870269946,701905,2025-02-20T12:11:00Z
701905,19,58,-89.0,5.0,9.0,353.26568871307006,1.0,5G,Operator A,101.6055148,3.07049259,0.0,14.096096098071754,19.57526035598886,88.82418237358458,530.1697870269946,701905,2025-02-28T11:53:06Z
701905,20,993,-94.0,7.0,11.0,159.4410573784365,3.0,5G,Operator B,101.6055148,3.07049259,0.0,14.096096098071754,19.57526035598886,88.82418237358458,530.1697870269946,701905,2025-03-06T11:54:00Z
701905,22,5,-87.0,0.0,6.0,600.940797455255,19.0,5G,Operator A,101.6055148,3.07049259,0.0,14.096096098071754,19.57526035598886,88.82418237358458,530.1697870269946,701905,2025-03-20T13:38:21Z
701905,23,141,-91.0,10.0,11.0,208.37148905528494,4.0,5G,Operator A,101.6055148,3.07049259,0.0,14.096096098071754,19.57526035598886,88.82418237358458,530.1697870269946,701905,2025-04-02T12:53:29Z
701911,1,80,-86.0,1.0,9.0,190.39718851015817,4.0,5G,Operator B,101.6087852,3.06551172,4.552905083,2.1838313701679684,4.123692657912853,267.71583617284483,995.2872106775418,701911,2024-12-03T15:47:44Z
701911,3,331,-76.0,4.0,9.0,168.62473093718316,4.0,5G,Operator B,101.6087852,3.06551172,4.552905083,2.1838313701679684,4.123692657912853,267.71583617284483,995.2872106775418,701911,2024-12-04T11:16:48Z
701911,4,182,-75.0,2.0,10.0,179.47867677504843,17.0,5G,Operator C,101.6087852,3.06551172,4.552905083,2.1838313701679684,4.123692657912853,267.71583617284483,995.2872106775418,701911,2024-12-10T12:49:40Z
701911,5,178,-79.0,2.0,9.0,187.98759587554522,16.5,5G,Operator A,101.6087852,3.06551172,4.552905083,2.1838313701679684,4.123692657912853,267.71583617284483,995.2872106775418,701911,2024-12-10T12:10:22Z
701911,9,413,-86.0,4.0,10.0,125.56452239685636,35.0,5G,Operator B,101.6087852,3.06551172,4.552905083,2.1838313701679684,4.123692657912853,267.71583617284483,995.2872106775418,701911,2024-12-31T10:55:47Z
701911,11,230,-84.5,2.0,9.0,134.4207472937777,24.0,5G,Operator A,101.6087852,3.06551172,4.552905083,2.1838313701679684,4.123692657912853,267.71583617284483,995.2872106775418,701911,2024-12-31T12:14:51Z
701911,12,3,-109.0,3.0,6.0,148.489901827258,0.0,5G,Operator B,101.6087852,3.06551172,4.552905083,2.1838313701679684,4.123692657912853,267.71583617284483,995.2872106775418,701911,2025-01-16T12:22:02Z
701911,13,217,-88.0,3.0,10.0,135.4863329727288,24.0,5G,Operator B,101.6087852,3.06551172,4.552905083,2.1838313701679684,4.123692657912853,267.71583617284483,995.2872106775418,701911,2025-01-16T12:32:19Z
701911,14,276,-83.0,5.0,11.0,205.0536608487873,16.0,5G,Operator C,101.6087852,3.06551172,4.552905083,2.1838313701679684,4.123692657912853,267.71583617284483,995.2872106775418,701911,2025-01-27T12:41:33Z
701911,15,227,-84.0,3.0,9.0,136.45866025904158,31.0,5G,Operator A,101.6087852,3.06551172,4.552905083,2.1838313701679684,4.123692657912853,267.71583617284483,995.2872106775418,701911,2025-01-16T13:40:37Z
701911,16,152,-86.0,3.0,9.0,162.68519849364876,17.0,5G,Operator A,101.6087852,3.06551172,4.552905083,2.1838313701679684,4.123692657912853,267.71583617284483,995.2872106775418,701911,2025-01-27T14:09:30Z
701911,17,298,-82.0,4.0,9.0,146.24404213448207,29.0,5G,Operator A,101.6087852,3.06551172,4.552905083,2.1838313701679684,4.123692657912853,267.71583617284483,995.2872106775418,701911,2025-02-14T12:08:45Z
701911,18,149,-86.0,5.0,7.0,55.07588019381095,11.0,5G,Operator C,101.6087852,3.06551172,4.552905083,2.1838313701679684,4.123692657912853,267.71583617284483,995.2872106775418,701911,2025-03-06T12:07:35Z
701911,19,208,-84.0,4.5,11.0,169.35775660835355,13.5,5G,Operator C,101.6087852,3.06551172,4.552905083,2.1838313701679684,4.123692657912853,267.71583617284483,995.2872106775418,701911,2025-02-28T11:53:15Z
701911,20,87,-79.0,7.0,11.0,49.567678293918924,28.0,5G,Operator A,101.6087852,3.06551172,4.552905083,2.1838313701679684,4.123692657912853,267.71583617284483,995.2872106775418,701911,2025-03-06T11:54:11Z
701911,22,275,-83.0,4.0,11.0,119.77806753068144,7.0,5G,Operator A,101.6087852,3.06551172,4.552905083,2.1838313701679684,4.123692657912853,267.71583617284483,995.2872106775418,701911,2025-03-20T13:12:27Z
701934,9,33,-99.0,0.0,6.0,58.44500024270173,26.0,5G,Operator B,101.5940968,3.05714478,0.0,6.508715318256584,11.327477792380582,67.66856712592084,506.06008015231777,701934,2024-12-31T11:03:09Z
701934,11,9,-99.0,0.0,7.0,29.612474064357666,33.0,5G,Operator A,101.5940968,3.05714478,0.0,6.508715318256584,11.327477792380582,67.66856712592084,506.06008015231777,701934,2024-12-31T12:24:45Z
701934,13,12,-93.5,-7.0,9.0,66.3863672055511,28.5,4G,Operator B,101.5940968,3.05714478,0.0,6.508715318256584,11.327477792380582,67.66856712592084,506.06008015231777,701934,2025-01-16T14:04:28Z
701934,15,9,-101.0,3.0,6.0,33.3136138397584,26.0,5G,Operator B,101.5940968,3.05714478,0.0,6.508715318256584,11.327477792380582,67.66856712592084,506.06008015231777,701934,2025-02-14T11:27:36Z
701934,17,4,-102.5,-1.5,6.0,69.67994253434686,26.5,5G,Operator A,101.5940968,3.05714478,0.0,6.508715318256584,11.327477792380582,67.66856712592084,506.06008015231777,701934,2025-02-14T12:31:37Z
701934,18,4,-101.0,-7.5,8.0,69.46743712889804,21.0,5G,Operator C,101.5940968,3.05714478,0.0,6.508715318256584,11.327477792380582,67.66856712592084,506.06008015231777,701934,2025-03-06T12:16:05Z
701949,9,1,-102.0,-3.0,8.0,68.23041594105017,25.0,4G,Operator C,101.5921127,3.057131570000001,2.444796801,1.3118491620908863,2.568395893451678,216.2772871984903,392.5437221752153,701949,2024-12-31T11:48:12Z
701949,15,11,-109.0,-5.0,5.0,68.62433778561345,19.0,5G,Operator C,101.5921127,3.057131570000001,2.444796801,1.3118491620908863,2.568395893451678,216.2772871984903,392.5437221752153,701949,2025-02-14T11:28:25Z
701949,17,11,-105.0,-3.0,5.0,67.89382211316412,22.0,5G,Operator B,101.5921127,3.057131570000001,2.444796801,1.3118491620908863,2.568395893451678,216.2772871984903,392.5437221752153,701949,2025-03-06T11:45:55Z
701949,18,4,-103.0,-6.0,6.0,68.654265523351,21.0,5G,Operator C,101.5921127,3.057131570000001,2.444796801,1.3118491620908863,2.568395893451678,216.2772871984903,392.5437221752153,701949,2025-03-06T12:18:35Z
701997,4,4,-104.0,0.0,5.0,313.4026846978521,35.0,5G,Operator C,101.5981089,3.06166221,1.677021265,0.7513969955216485,1.261253219592139,90.29812490769456,851.9432857213034,701997,2024-12-10T13:12:21Z
701997,5,2,-99.5,-10.0,3.0,257.5875950201828,19.5,4G,Operator A,101.5981089,3.06166221,1.677021265,0.7513969955216485,1.261253219592139,90.29812490769456,851.9432857213034,701997,2024-12-10T12:44:00Z
701997,9,43,-96.0,-3.0,6.0,43.47541868394297,37.0,5G,Operator C,101.5981089,3.06166221,1.677021265,0.7513969955216485,1.261253219592139,90.29812490769456,851.9432857213034,701997,2024-12-31T11:00:19Z
701997,11,12,-98.5,-6.0,5.5,31.506415379107526,34.5,4G,Operator A,101.5981089,3.06166221,1.677021265,0.7513969955216485,1.261253219592139,90.29812490769456,851.9432857213034,701997,2024-12-31T12:21:48Z
701997,13,18,-96.5,-1.0,6.0,64.7276559493065,31.5,5G,Operator C,101.5981089,3.06166221,1.677021265,0.7513969955216485,1.261253219592139,90.29812490769456,851.9432857213034,701997,2025-01-16T14:01:51Z
701997,14,15,-110.0,0.0,9.0,1375.974005753467,24.0,5G,Operator B,101.5981089,3.06166221,1.677021265,0.7513969955216485,1.261253219592139,90.29812490769456,851.9432857213034,701997,2025-01-27T13:03:16Z
701997,15,12,-92.0,0.0,6.0,22.924130508318747,29.0,5G,Operator B,101.5981089,3.06166221,1.677021265,0.7513969955216485,1.261253219592139,90.29812490769456,851.9432857213034,701997,2025-02-14T11:25:21Z
701997,17,22,-98.0,0.0,7.0,55.08474691979225,30.0,5G,Operator A,101.5981089,3.06166221,1.677021265,0.7513969955216485,1.261253219592139,90.29812490769456,851.9432857213034,701997,2025-02-14T12:28:45Z
701997,18,9,-95.0,-5.0,6.0,190.76180408297427,32.0,4G,Operator C,101.5981089,3.06166221,1.677021265,0.7513969955216485,1.261253219592139,90.29812490769456,851.9432857213034,701997,2025-03-06T12:13:19Z
702000,9,16,-94.0,-4.5,5.5,136.5400831198716,38.5,5G,Operator C,101.5986784,3.06399857,0.149824142,0.7154723639003069,1.9178344269131968,27.746134615781216,819.8994777313702,702000,2024-12-31T11:00:01Z
702000,11,22,-87.0,-1.0,5.0,60.87875953711382,37.0,5G,Operator A,101.5986784,3.06399857,0.149824142,0.7154723639003069,1.9178344269131968,27.746134615781216,819.8994777313702,702000,2024-12-31T12:25:13Z
702000,13,18,-96.0,-2.0,6.0,1066.447628074281,28.5,5G,Operator C,101.5986784,3.06399857,0.149824142,0.7154723639003069,1.9178344269131968,27.746134615781216,819.8994777313702,702000,2025-01-16T14:05:00Z
702000,15,26,-95.0,0.0,6.0,1054.3517926734612,29.5,5G,Operator C,101.5986784,3.06399857,0.149824142,0.7154723639003069,1.9178344269131968,27.746134615781216,819.8994777313702,702000,2025-02-14T11:24:51Z
702000,17,21,-97.0,-1.0,6.0,1048.2215472163184,36.0,5G,Operator A,101.5986784,3.06399857,0.149824142,0.7154723639003069,1.9178344269131968,27.746134615781216,819.8994777313702,702000,2025-02-14T12:28:20Z
702000,18,6,-88.0,-2.0,5.5,70.01401073149471,33.0,5G,Operator C,101.5986784,3.06399857,0.149824142,0.7154723639003069,1.9178344269131968,27.746134615781216,819.8994777313702,702000,2025-03-06T12:12:52Z
702008,14,25,-110.0,1.0,8.0,191.24623958886514,52.0,5G,Operator B,101.5972035,3.07297591,4e-05,1.5446027574184584,2.4676643480181624,26.906120820780593,61.35594650215114,702008,2025-01-27T13:25:45Z
702010,9,269,-102.0,-6.0,9.0,174.36368770934277,27.0,5G,Operator B,101.5941521,3.057131570000001,0.0,6.508715318256584,11.327477792380582,67.82368022001111,509.12428625547983,702010,2024-12-31T11:03:20Z
702010,11,55,-86.0,-5.0,9.0,85.5974851486248,35.0,4G,Operator A,101.5941521,3.057131570000001,0.0,6.508715318256584,11.327477792380582,67.82368022001111,509.12428625547983,702010,2024-12-31T12:24:56Z
702010,13,44,-99.5,-3.0,6.0,89.5612204558454,27.5,5G,Operator C,101.5941521,3.057131570000001,0.0,6.508715318256584,11.327477792380582,67.82368022001111,509.12428625547983,702010,2025-01-16T14:04:38Z
702010,15,109,-101.0,-2.0,7.0,93.57744416356743,31.0,5G,Operator C,101.5941521,3.057131570000001,0.0,6.508715318256584,11.327477792380582,67.82368022001111,509.12428625547983,702010,2025-02-14T11:27:52Z
702010,17,49,-96.0,-1.0,7.0,81.39725470838032,33.0,5G,Operator A,101.5941521,3.057131570000001,0.0,6.508715318256584,11.327477792380582,67.82368022001111,509.12428625547983,702010,2025-02-14T12:31:27Z
702010,18,13,-94.0,-4.0,8.0,231.2426160660831,7.0,5G,Operator C,101.5941521,3.057131570000001,0.0,6.508715318256584,11.327477792380582,67.82368022001111,509.12428625547983,702010,2025-03-06T12:16:58Z
702010,20,19,-99.0,-2.0,7.0,61.36088196910945,27.0,5G,Operator A,101.5941521,3.057131570000001,0.0,6.508715318256584,11.327477792380582,67.82368022001111,509.12428625547983,702010,2025-03-06T11:48:09Z
702023,4,4,-101.0,-4.5,7.0,412.3332757296571,31.0,4G,Operator C,101.5966828,3.06167319,4e-05,2.947521399456763,4.124491047075342,248.82828378508063,932.7776628389388,702023,2024-12-10T13:12:31Z
702023,5,2,-99.0,3.0,6.0,395.07879516710886,15.0,5G,Operator A,101.5966828,3.06167319,4e-05,2.947521399456763,4.124491047075342,248.82828378508063,932.7776628389388,702023,2024-12-10T12:44:02Z
702023,9,505,-92.0,3.0,9.0,197.74243540133133,34.0,5G,Operator B,101.5966828,3.06167319,4e-05,2.947521399456763,4.124491047075342,248.82828378508063,932.7776628389388,702023,2024-12-31T11:00:03Z
702023,11,208,-91.0,4.0,8.0,185.7378123916455,33.5,5G,Operator A,101.5966828,3.06167319,4e-05,2.947521399456763,4.124491047075342,248.82828378508063,932.7776628389388,702023,2024-12-31T12:21:25Z
702023,13,231,-88.0,7.0,8.0,97.5220007968269,25.0,5G,Operator B,101.5966828,3.06167319,4e-05,2.947521399456763,4.124491047075342,248.82828378508063,932.7776628389388,702023,2025-01-16T14:01:43Z
702023,15,332,-89.5,2.0,8.0,212.48747540430497,31.0,5G,Operator B,101.5966828,3.06167319,4e-05,2.947521399456763,4.124491047075342,248.82828378508063,932.7776628389388,702023,2025-01-16T13:35:35Z
702023,17,282,-90.0,5.0,8.0,199.1476177360427,35.0,5G,Operator A,101.5966828,3.06167319,4e-05,2.947521399456763,4.124491047075342,248.82828378508063,932.7776628389388,702023,2025-02-14T12:28:26Z
702023,18,198,-90.0,6.0,7.0,68.24788252079571,24.0,5G,Operator C,101.5966828,3.06167319,4e-05,2.947521399456763,4.124491047075342,248.82828378508063,932.7776628389388,702023,2025-03-06T12:12:58Z
702023,19,8,-98.0,-3.5,10.0,365.9555346133407,12.5,4G,Operator C,101.5966828,3.06167319,4e-05,2.947521399456763,4.124491047075342,248.82828378508063,932.7776628389388,702023,2025-03-20T13:07:36Z
702023,20,98,-83.0,8.0,8.0,48.231722529371694,31.0,5G,Operator A,101.5966828,3.06167319,4e-05,2.947521399456763,4.124491047075342,248.82828378508063,932.7776628389388,702023,2025-03-06T11:48:54Z
702044,9,24,-102.0,-1.0,6.0,65.83471991324797,35.0,5G,Operator B,101.598582,3.06234283,5.232035637,2.61843517734401,4.4681535121648,37.05020332706143,900.4718717090351,702044,2024-12-31T11:00:14Z
702044,11,21,-99.0,-5.0,6.0,930.894831062622,31.0,5G,Operator A,101.598582,3.06234283,5.232035637,2.61843517734401,4.4681535121648,37.05020332706143,900.4718717090351,702044,2024-12-31T12:21:36Z
702044,13,29,-97.0,-5.0,7.0,956.9763068316585,23.0,5G,Operator B,101.598582,3.06234283,5.232035637,2.61843517734401,4.4681535121648,37.05020332706143,900.4718717090351,702044,2025-01-16T14:01:32Z
702044,15,33,-100.0,-2.0,6.0,950.1524566668545,26.0,5G,Operator C,101.598582,3.06234283,5.232035637,2.61843517734401,4.4681535121648,37.05020332706143,900.4718717090351,702044,2025-02-14T11:25:17Z
702044,17,20,-106.0,-4.0,5.5,967.2273742473473,28.0,5G,Operator A,101.598582,3.06234283,5.232035637,2.61843517734401,4.4681535121648,37.05020332706143,900.4718717090351,702044,2025-02-14T12:28:42Z
702044,18,3,-104.0,-3.0,6.0,69.02718734081472,24.0,5G,Operator C,101.598582,3.06234283,5.232035637,2.61843517734401,4.4681535121648,37.05020332706143,900.4718717090351,702044,2025-03-06T12:13:16Z
702044,20,21,-94.0,-4.0,5.0,53.68423941962282,37.0,5G,Operator A,101.598582,3.06234283,5.232035637,2.61843517734401,4.4681535121648,37.05020332706143,900.4718717090351,702044,2025-03-06T11:51:24Z
702063,3,74,-91.5,0.0,7.0,481.9309298659193,17.0,5G,Operator B,101.6078638,3.06221024,8e-05,4.260910296423792,6.722066474670526,292.44909276359624,1085.825469530609,702063,2024-12-10T11:37:07Z
702063,4,30,-95.0,0.0,6.0,621.4151561860981,22.0,5G,Operator C,101.6078638,3.06221024,8e-05,4.260910296423792,6.722066474670526,292.44909276359624,1085.825469530609,702063,2024-12-10T12:52:21Z
702063,5,59,-95.0,0.0,9.0,559.1114185229977,20.0,5G,Operator A,101.6078638,3.06221024,8e-05,4.260910296423792,6.722066474670526,292.44909276359624,1085.825469530609,702063,2024-12-10T12:14:24Z
702063,9,6,-83.5,2.0,6.0,507.90875586049003,30.0,5G,Operator B,101.6078638,3.06221024,8e-05,4.260910296423792,6.722066474670526,292.44909276359624,1085.825469530609,702063,2024-12-31T10:55:43Z
702063,13,2,-66.25,4.5,6.0,506.8846383178619,29.5,5G,Operator B,101.6078638,3.06221024,8e-05,4.260910296423792,6.722066474670526,292.44909276359624,1085.825469530609,702063,2025-01-16T13:55:12Z
702063,14,98,-104.0,0.0,7.0,368.8733458078075,18.0,5G,Operator C,101.6078638,3.06221024,8e-05,4.260910296423792,6.722066474670526,292.44909276359624,1085.825469530609,702063,2025-01-27T12:43:32Z
702063,16,35,-101.0,0.0,9.0,522.0463926316481,16.0,5G,Operator A,101.6078638,3.06221024,8e-05,4.260910296423792,6.722066474670526,292.44909276359624,1085.825469530609,702063,2025-01-27T14:12:00Z
702063,19,95,-106.0,-2.0,8.0,72.78911411415864,11.0,5G,Operator C,101.6078638,3.06221024,8e-05,4.260910296423792,6.722066474670526,292.44909276359624,1085.825469530609,702063,2025-03-20T12:47:26Z
702063,22,33,-91.0,0.0,9.0,62.6549219322511,13.0,5G,Operator A,101.6078638,3.06221024,8e-05,4.260910296423792,6.722066474670526,292.44909276359624,1085.825469530609,702063,2025-03-20T13:31:39Z
702072,1,40,-90.0,0.5,9.0,339.2249228389189,3.0,5G,Operator B,101.6016286,3.06529604,4.434287071,5.18860171753648,8.085914595853403,135.83816485143493,775.9212846787817,702072,2024-12-03T11:30:19Z
702072,2,84,-86.0,2.0,9.0,88.20246746959849,3.0,5G,Operator B,101.6016286,3.06529604,4.434287071,5.18860171753648,8.085914595853403,135.83816485143493,775.9212846787817,702072,2024-12-04T12:26:05Z
702072,3,399,-92.0,0.0,9.0,346.11109205087837,21.0,5G,Operator B,101.6016286,3.06529604,4.434287071,5.18860171753648,8.085914595853403,135.83816485143493,775.9212846787817,702072,2024-12-04T11:12:28Z
702072,4,432,-88.0,0.0,10.0,248.0394066808948,19.0,4G,Operator C,101.6016286,3.06529604,4.434287071,5.18860171753648,8.085914595853403,135.83816485143493,775.9212846787817,702072,2024-12-04T12:15:25Z
702072,5,266,-93.0,-3.0,9.0,334.4103248843814,25.0,4G,Operator A,101.6016286,3.06529604,4.434287071,5.18860171753648,8.085914595853403,135.83816485143493,775.9212846787817,702072,2024-12-10T12:35:14Z
702072,9,414,-88.0,4.0,11.0,146.48389862012226,34.0,5G,Operator B,101.6016286,3.06529604,4.434287071,5.18860171753648,8.085914595853403,135.83816485143493,775.9212846787817,702072,2024-12-31T10:58:06Z
702072,10,3,-94.0,0.0,6.0,368.3055265189931,0.0,5G,Operator B,101.6016286,3.06529604,4.434287071,5.18860171753648,8.085914595853403,135.83816485143493,775.9212846787817,702072,2025-01-07T09:53:59Z
702072,11,165,-82.0,5.0,9.0,69.71060809130304,32.0,5G,Operator A,101.6016286,3.06529604,4.434287071,5.18860171753648,8.085914595853403,135.83816485143493,775.9212846787817,702072,2024-12-31T12:16:35Z
702072,13,186,-86.5,4.0,9.0,110.63119621902614,31.0,5G,Operator B,101.6016286,3.06529604,4.434287071,5.18860171753648,8.085914595853403,135.83816485143493,775.9212846787817,702072,2025-01-16T13:57:45Z
702072,14,417,-93.0,3.0,10.0,298.6022982724607,22.0,5G,Operator C,101.6016286,3.06529604,4.434287071,5.18860171753648,8.085914595853403,135.83816485143493,775.9212846787817,702072,2025-01-27T13:00:53Z
702072,15,207,-86.0,3.0,10.0,120.31380849035158,31.0,5G,Operator C,101.6016286,3.06529604,4.434287071,5.18860171753648,8.085914595853403,135.83816485143493,775.9212846787817,702072,2025-01-16T13:38:59Z
702072,16,260,-89.0,4.0,9.0,185.51782866456873,16.0,5G,Operator A,101.6016286,3.06529604,4.434287071,5.18860171753648,8.085914595853403,135.83816485143493,775.9212846787817,702072,2025-01-27T14:09:28Z
702072,17,427,-83.0,3.0,9.0,150.9707393218858,4.0,5G,Operator C,101.6016286,3.06529604,4.434287071,5.18860171753648,8.085914595853403,135.83816485143493,775.9212846787817,702072,2025-02-14T12:07:17Z
702072,18,269,-84.0,3.0,8.0,66.64525971595572,8.0,5G,Operator C,101.6016286,3.06529604,4.434287071,5.18860171753648,8.085914595853403,135.83816485143493,775.9212846787817,702072,2025-02-20T12:24:59Z
702072,19,481,-86.0,6.0,9.0,234.79004958435257,9.0,5G,Operator C,101.6016286,3.06529604,4.434287071,5.18860171753648,8.085914595853403,135.83816485143493,775.9212846787817,702072,2025-02-28T11:46:58Z
702072,20,126,-87.0,1.0,7.0,28.460858994500267,22.5,5G,Operator A,101.6016286,3.06529604,4.434287071,5.18860171753648,8.085914595853403,135.83816485143493,775.9212846787817,702072,2025-03-06T11:51:50Z
702072,22,168,-90.0,9.5,9.0,233.4045542600914,16.0,5G,Operator A,101.6016286,3.06529604,4.434287071,5.18860171753648,8.085914595853403,135.83816485143493,775.9212846787817,702072,2025-03-20T13:12:21Z
702109,15,131,-94.0,0.0,7.0,761.9780224139311,27.0,5G,Operator B,101.6083034,3.07346582,7.438750267,6.086384419185742,9.858518297091836,221.04116659527597,292.9231086840804,702109,2025-02-14T11:09:04Z
702109,16,18,-77.0,5.0,9.0,333.01882507687674,3.0,4G,Operator B,101.6083034,3.07346582,7.438750267,6.086384419185742,9.858518297091836,221.04116659527597,292.9231086840804,702109,2025-02-20T12:54:54Z
702109,17,129,-94.0,0.0,7.0,744.1558931637137,29.0,5G,Operator A,101.6083034,3.07346582,7.438750267,6.086384419185742,9.858518297091836,221.04116659527597,292.9231086840804,702109,2025-02-14T12:13:24Z
702109,18,115,-82.0,4.0,10.0,260.69711349208194,4.0,5G,Operator A,101.6083034,3.07346582,7.438750267,6.086384419185742,9.858518297091836,221.04116659527597,292.9231086840804,702109,2025-02-20T12:02:35Z
702109,19,106,-88.0,7.0,9.5,116.20541407813863,16.5,5G,Operator C,101.6083034,3.07346582,7.438750267,6.086384419185742,9.858518297091836,221.04116659527597,292.9231086840804,702109,2025-03-20T12:38:13Z
702109,20,7,-70.0,16.0,7.0,261.37972139357345,35.0,5G,Operator A,101.6083034,3.07346582,7.438750267,6.086384419185742,9.858518297091836,221.04116659527597,292.9231086840804,702109,2025-03-06T11:57:54Z
702109,22,45,-86.0,7.0,9.0,154.24002342239777,10.0,5G,Operator A,101.6083034,3.07346582,7.438750267,6.086384419185742,9.858518297091836,221.04116659527597,292.9231086840804,702109,2025-03-20T13:20:47Z
702175,3,2,-102.0,-2.0,6.0,878.3235095165005,23.0,5G,Operator B,101.5939926,3.05783385,6e-05,2.568827964055886,5.541291351189138,142.38225873262323,558.0616364805917,702175,2024-12-10T12:06:15Z
702175,4,2,-97.5,-10.0,10.0,950.0233276713004,38.0,4G,Operator C,101.5939926,3.05783385,6e-05,2.568827964055886,5.541291351189138,142.38225873262323,558.0616364805917,702175,2024-12-10T13:13:23Z
702175,5,15,-102.0,-5.0,9.0,900.140030477692,19.0,4G,Operator A,101.5939926,3.05783385,6e-05,2.568827964055886,5.541291351189138,142.38225873262323,558.0616364805917,702175,2024-12-10T12:43:13Z
702175,9,41,-97.0,-2.0,9.0,39.71185760139211,37.0,5G,Operator B,101.5939926,3.05783385,6e-05,2.568827964055886,5.541291351189138,142.38225873262323,558.0616364805917,702175,2024-12-31T11:02:52Z
702175,11,16,-96.5,-4.0,8.0,40.34300215212794,36.5,5G,Operator A,101.5939926,3.05783385,6e-05,2.568827964055886,5.541291351189138,142.38225873262323,558.0616364805917,702175,2024-12-31T12:24:29Z
702175,13,21,-96.0,-2.0,9.0,54.6785173834709,31.0,5G,Operator B,101.5939926,3.05783385,6e-05,2.568827964055886,5.541291351189138,142.38225873262323,558.0616364805917,702175,2025-01-16T14:04:09Z
702175,15,40,-101.0,-2.0,6.0,53.511846628500564,34.0,5G,Operator C,101.5939926,3.05783385,6e-05,2.568827964055886,5.541291351189138,142.38225873262323,558.0616364805917,702175,2025-02-14T11:27:20Z
702175,16,1,-104.0,-3.0,5.0,881.4906157401124,24.0,5G,Operator A,101.5939926,3.05783385,6e-05,2.568827964055886,5.541291351189138,142.38225873262323,558.0616364805917,702175,2025-01-27T14:40:32Z
702175,17,28,-93.0,-3.0,6.0,33.642512937088554,36.0,5G,Operator A,101.5939926,3.05783385,6e-05,2.568827964055886,5.541291351189138,142.38225873262323,558.0616364805917,702175,2025-02-14T12:31:14Z
702175,18,13,-93.0,0.0,4.0,53.9200975603535,34.0,5G,Operator C,101.5939926,3.05783385,6e-05,2.568827964055886,5.541291351189138,142.38225873262323,558.0616364805917,702175,2025-03-06T12:15:43Z
702175,20,16,-99.0,-3.0,6.0,60.99492705599505,43.0,5G,Operator A,101.5939926,3.05783385,6e-05,2.568827964055886,5.541291351189138,142.38225873262323,558.0616364805917,702175,2025-03-06T11:48:38Z
702175,22,1,-101.0,2.0,4.0,881.2597615088791,15.0,5G,Operator A,101.5939926,3.05783385,6e-05,2.568827964055886,5.541291351189138,142.38225873262323,558.0616364805917,702175,2025-03-20T13:54:10Z
810851,5,1,-86.0,-10.0,8.0,375.117987288648,4.0,4G,Operator C,101.6056583,3.07006163,0.00018,15.666814766029333,21.09262169675696,53.86776317606917,574.4465711199073,810851,2024-12-12T12:03:45Z
810851,6,31,-87.0,-2.0,6.0,65.01427684176632,2.0,4G,Operator C,101.6056583,3.07006163,0.00018,15.666814766029333,21.09262169675696,53.86776317606917,574.4465711199073,810851,2024-12-16T12:28:20Z
810851,7,178,-89.0,4.0,11.0,41.6297404326056,3.0,4G,Operator C,101.6056583,3.07006163,0.00018,15.666814766029333,21.09262169675696,53.86776317606917,574.4465711199073,810851,2024-12-17T11:52:03Z
810851,12,3,-101.0,-2.0,6.0,359.6168240122982,2.0,4G,Operator C,101.6056583,3.07006163,0.00018,15.666814766029333,21.09262169675696,53.86776317606917,574.4465711199073,810851,2025-01-16T11:29:19Z
810857,4,26,-88.5,5.5,10.0,49.762690623114594,22.5,4G,Operator C,101.5998876,3.06335717,13.647776604,7.569793294073914,13.973842513124234,107.19630744592402,909.002143494575,810857,2024-12-10T13:18:24Z
810857,13,7,-81.0,-3.0,15.0,225.42306421764786,32.0,4G,Operator C,101.5998876,3.06335717,13.647776604,7.569793294073914,13.973842513124234,107.19630744592402,909.002143494575,810857,2025-01-16T14:10:32Z
810857,14,32,-92.0,8.5,10.0,49.285716854146344,20.0,4G,Operator C,101.5998876,3.06335717,13.647776604,7.569793294073914,13.973842513124234,107.19630744592402,909.002143494575,810857,2025-01-27T13:03:19Z
810857,18,32,-79.0,4.0,11.0,257.1756965929342,27.0,4G,Operator C,101.5998876,3.06335717,13.647776604,7.569793294073914,13.973842513124234,107.19630744592402,909.002143494575,810857,2025-03-06T12:13:23Z
810857,19,75,-95.0,5.0,9.0,37.13292621512483,15.0,4G,Operator C,101.5998876,3.06335717,13.647776604,7.569793294073914,13.973842513124234,107.19630744592402,909.002143494575,810857,2025-03-20T12:57:14Z
811370,15,22,-85.5,4.0,10.0,76.55212209265972,39.0,4G,Operator C,101.594066,3.0604101,9.422801971,21.72236030722409,28.980940082193428,427.3602522172121,809.5966450332625,811370,2025-02-14T12:03:59Z
811370,18,4,-83.0,1.0,8.0,240.21219919933208,31.5,4G,Operator C,101.594066,3.0604101,9.422801971,21.72236030722409,28.980940082193428,427.3602522172121,809.5966450332625,811370,2025-03-06T12:13:44Z
812198,1,4,-102.0,-3.5,10.0,429.2973322411348,1.5,4G,Operator C,101.6018769,3.0654846,5.974019051,2.266884491148918,4.118974527285616,142.05114526164425,772.197530475979,812198,2024-12-03T11:34:54Z
812198,4,3,-92.0,-4.0,6.0,327.47275420176237,18.0,4G,Operator C,101.6018769,3.0654846,5.974019051,2.266884491148918,4.118974527285616,142.05114526164425,772.197530475979,812198,2024-12-10T13:12:49Z
812198,5,6,-90.0,1.0,10.5,344.73308831216826,4.0,4G,Operator C,101.6018769,3.0654846,5.974019051,2.266884491148918,4.118974527285616,142.05114526164425,772.197530475979,812198,2024-12-12T12:14:12Z
812198,12,6,-101.0,-1.0,6.0,458.1568066742552,1.0,4G,Operator C,101.6018769,3.0654846,5.974019051,2.266884491148918,4.118974527285616,142.05114526164425,772.197530475979,812198,2025-01-16T11:29:17Z
812198,13,8,-84.0,3.0,10.0,311.51611372540526,35.0,5G,Operator C,101.6018769,3.0654846,5.974019051,2.266884491148918,4.118974527285616,142.05114526164425,772.197530475979,812198,2025-01-16T14:12:36Z
812198,14,9,-99.0,2.0,6.0,457.0632421299139,20.0,4G,Operator C,101.6018769,3.0654846,5.974019051,2.266884491148918,4.118974527285616,142.05114526164425,772.197530475979,812198,2025-01-27T13:03:41Z
812198,16,80,-78.0,10.0,10.0,152.4192081800635,4.0,4G,Operator C,101.6018769,3.0654846,5.974019051,2.266884491148918,4.118974527285616,142.05114526164425,772.197530475979,812198,2025-02-20T13:22:58Z
812198,18,15,-85.0,11.0,10.0,280.5950152036058,40.0,4G,Operator C,101.6018769,3.0654846,5.974019051,2.266884491148918,4.118974527285616,142.05114526164425,772.197530475979,812198,2025-03-06T12:24:35Z
812198,19,10,-104.5,-1.0,6.0,465.38299133450613,17.5,4G,Operator C,101.6018769,3.0654846,5.974019051,2.266884491148918,4.118974527285616,142.05114526164425,772.197530475979,812198,2025-03-20T12:57:46Z
816192,9,23,-83.0,-2.0,10.0,68.41362978900216,6.0,4G,Operator C,101.5920181,3.057131570000001,2.031802416,1.3118491620908863,2.568395893451678,226.33339562330113,389.4986055615892,816192,2024-12-31T11:44:16Z
816192,15,13,-64.0,6.0,10.0,69.32671865907935,10.0,4G,Operator C,101.5920181,3.057131570000001,2.031802416,1.3118491620908863,2.568395893451678,226.33339562330113,389.4986055615892,816192,2025-02-14T12:00:58Z
816192,18,105,-71.0,5.0,11.0,86.24398160810576,23.0,4G,Operator C,101.5920181,3.057131570000001,2.031802416,1.3118491620908863,2.568395893451678,226.33339562330113,389.4986055615892,816192,2025-03-06T12:15:54Z
816442,9,35,-75.0,0.0,10.0,95.4809775116672,31.0,4G,Operator C,101.6119641,3.0789034899999996,0.68147999,3.475534314288133,5.575848976995154,427.69646122288816,117.93212598214592,816442,2024-12-31T11:31:46Z
816443,4,117,-85.0,8.0,10.0,239.21037847367822,32.0,4G,Operator C,101.6036778,3.06045136,0.0,3.615449107128897,6.016111481132747,88.79788868790315,677.2826293454114,816443,2024-12-10T13:12:37Z
816443,14,123,-94.0,6.0,10.0,286.5144586175092,21.0,4G,Operator C,101.6036778,3.06045136,0.0,3.615449107128897,6.016111481132747,88.79788868790315,677.2826293454114,816443,2025-01-27T13:03:30Z
816443,18,10,-97.0,-6.0,10.0,859.3105245153207,36.0,5G,Operator C,101.6036778,3.06045136,0.0,3.615449107128897,6.016111481132747,88.79788868790315,677.2826293454114,816443,2025-03-06T12:06:59Z
816443,19,186,-96.0,5.0,10.0,188.72002714308906,19.0,4G,Operator C,101.6036778,3.06045136,0.0,3.615449107128897,6.016111481132747,88.79788868790315,677.2826293454114,816443,2025-03-20T12:57:30Z
