tower_id,lon,lat,radio,dist_water_m,hand_m,slope_deg,tri,flash_density,dist_power_m,age_years,exposed_pop,anonymous_operator,source_node,technologies_observed,measurement_count,session_count,first_observed,last_observed,median_signal_level,median_gps_accuracy_m,elevation_m,exposure_definition,flash_density_status,age_status,tower_source,terrain_source,hand_source,water_power_source,population_source
SUNWAY_OPERATOR_A_10171,101.6054603,3.07053251,LTE,96.31007195674613,0.0,14.096096098071754,19.57526035598886,,522.7147029984762,,6092.61,Operator A,10171,4G,330,5,2024.12.03_15.52.02,2025.04.02_13.30.59,-88.0,6.0,7.7408895,WorldPop 2025 total in 1 km square centered on site,not_used_coarser_than_aoi_and_login_required,unknown_not_imputed,10.17632/dx5xyyfz2y.1,cop-dem-glo-30/Copernicus_DSM_COG_10_N03_00_E101_00_DEM,ASF GLO-30 HAND v1,OpenStreetMap contributors / ODbL,WorldPop R2025A 2025 100m
SUNWAY_OPERATOR_A_10191,101.61063,3.0735471,NR,394.12240161207126,4e-05,3.836456600507839,7.045313520199147,,270.7640485244388,,7959.83,Operator A,10191,4G|5G,7,2,2024.12.12_11.55.32,2025.03.20_13.20.46,-82.0,6.0,22.25052,WorldPop 2025 total in 1 km square centered on site,not_used_coarser_than_aoi_and_login_required,unknown_not_imputed,10.17632/dx5xyyfz2y.1,cop-dem-glo-30/Copernicus_DSM_COG_10_N03_00_E101_00_DEM,ASF GLO-30 HAND v1,OpenStreetMap contributors / ODbL,WorldPop R2025A 2025 100m
SUNWAY_OPERATOR_A_10201,101.5940713,3.05857323,LTE,224.40189826779084,4e-05,0.4507342516294292,1.8980413680511137,,630.7234656787045,,6377.35,Operator A,10201,4G,3,1,2024.12.31_12.28.36,2024.12.31_12.28.37,-90.0,4.0,16.912254,WorldPop 2025 total in 1 km square centered on site,not_used_coarser_than_aoi_and_login_required,unknown_not_imputed,10.17632/dx5xyyfz2y.1,cop-dem-glo-30/Copernicus_DSM_COG_10_N03_00_E101_00_DEM,ASF GLO-30 HAND v1,OpenStreetMap contributors / ODbL,WorldPop R2025A 2025 100m
SUNWAY_OPERATOR_A_11161,101.603299,3.06854967,NR,325.47534411492677,5.309439182,8.714298812878507,12.025399565968236,,588.4669858173661,,6249.46,Operator A,11161,4G|5G,72,6,2024.12.10_12.38.43,2025.03.06_11.53.41,-76.0,6.0,23.927048,WorldPop 2025 total in 1 km square centered on site,not_used_coarser_than_aoi_and_login_required,unknown_not_imputed,10.17632/dx5xyyfz2y.1,cop-dem-glo-30/Copernicus_DSM_COG_10_N03_00_E101_00_DEM,ASF GLO-30 HAND v1,OpenStreetMap contributors / ODbL,WorldPop R2025A 2025 100m
SUNWAY_OPERATOR_A_11771,101.6120933,3.0789034899999996,LTE,442.04741331898595,1.173349023,3.475534314288133,5.575848976995154,,112.68885149287017,,7369.85,Operator A,11771,4G,3,1,2025.03.06_12.00.20,2025.03.06_12.00.22,-85.0,11.0,20.904108,WorldPop 2025 total in 1 km square centered on site,not_used_coarser_than_aoi_and_login_required,unknown_not_imputed,10.17632/dx5xyyfz2y.1,cop-dem-glo-30/Copernicus_DSM_COG_10_N03_00_E101_00_DEM,ASF GLO-30 HAND v1,OpenStreetMap contributors / ODbL,WorldPop R2025A 2025 100m
SUNWAY_OPERATOR_A_12232,101.6106239,3.07146833,LTE,304.57901095554826,2.157416344,2.7071403855925262,4.9466707974077915,,455.83451121092384,,7710.33,Operator A,12232,4G,3,2,2025.01.16_13.10.15,2025.03.20_13.19.22,-74.0,8.0,23.006622,WorldPop 2025 total in 1 km square centered on site,not_used_coarser_than_aoi_and_login_required,unknown_not_imputed,10.17632/dx5xyyfz2y.1,cop-dem-glo-30/Copernicus_DSM_COG_10_N03_00_E101_00_DEM,ASF GLO-30 HAND v1,OpenStreetMap contributors / ODbL,WorldPop R2025A 2025 100m
SUNWAY_OPERATOR_A_12243,101.6052948,3.06550288,NR,186.16237747332758,3.870622396,2.178790732061674,3.3506218799411323,,978.9490183570899,,5796.13,Operator A,12243,4G|5G,14,4,2024.12.04_11.25.06,2025.03.06_12.06.58,-86.5,9.5,19.494896,WorldPop 2025 total in 1 km square centered on site,not_used_coarser_than_aoi_and_login_required,unknown_not_imputed,10.17632/dx5xyyfz2y.1,cop-dem-glo-30/Copernicus_DSM_COG_10_N03_00_E101_00_DEM,ASF GLO-30 HAND v1,OpenStreetMap contributors / ODbL,WorldPop R2025A 2025 100m
SUNWAY_OPERATOR_A_12252,101.6058361,3.0607803,NR,123.51864475550741,2e-05,3.934309910510855,11.537757029231116,,822.5989162528098,,6091.41,Operator A,12252,4G|5G,695,9,2024.12.03_15.46.55,2025.03.20_13.54.03,-101.0,6.0,-9.680141,WorldPop 2025 total in 1 km square centered on site,not_used_coarser_than_aoi_and_login_required,unknown_not_imputed,10.17632/dx5xyyfz2y.1,cop-dem-glo-30/Copernicus_DSM_COG_10_N03_00_E101_00_DEM,ASF GLO-30 HAND v1,OpenStreetMap contributors / ODbL,WorldPop R2025A 2025 100m
SUNWAY_OPERATOR_A_15691,101.5985905,3.06250891,LTE,36.27095025350827,2.860121012,3.694450440947417,8.095608287530888,,917.3547729572064,,6607.49,Operator A,15691,4G,6,1,2025.02.14_12.35.26,2025.02.14_12.37.52,-80.5,7.0,21.230186,WorldPop 2025 total in 1 km square centered on site,not_used_coarser_than_aoi_and_login_required,unknown_not_imputed,10.17632/dx5xyyfz2y.1,cop-dem-glo-30/Copernicus_DSM_COG_10_N03_00_E101_00_DEM,ASF GLO-30 HAND v1,OpenStreetMap contributors / ODbL,WorldPop R2025A 2025 100m
SUNWAY_OPERATOR_A_16151,101.5998692,3.06333711,LTE,105.1665041405302,13.647776604,7.569793294073914,13.973842513124234,,910.7472993679836,,5970.23,Operator A,16151,4G,104,3,2024.12.10_12.39.38,2025.03.20_13.53.20,-105.0,8.0,32.156116,WorldPop 2025 total in 1 km square centered on site,not_used_coarser_than_aoi_and_login_required,unknown_not_imputed,10.17632/dx5xyyfz2y.1,cop-dem-glo-30/Copernicus_DSM_COG_10_N03_00_E101_00_DEM,ASF GLO-30 HAND v1,OpenStreetMap contributors / ODbL,WorldPop R2025A 2025 100m
SUNWAY_OPERATOR_A_16161,101.5939899,3.05895633,LTE,266.4855344810989,2.048181534,5.173506655643543,13.930692243760252,,662.4313391769393,,6518.93,Operator A,16161,4G,29,3,2024.12.31_12.28.38,2025.02.14_12.35.29,-86.0,6.0,16.778948,WorldPop 2025 total in 1 km square centered on site,not_used_coarser_than_aoi_and_login_required,unknown_not_imputed,10.17632/dx5xyyfz2y.1,cop-dem-glo-30/Copernicus_DSM_COG_10_N03_00_E101_00_DEM,ASF GLO-30 HAND v1,OpenStreetMap contributors / ODbL,WorldPop R2025A 2025 100m
SUNWAY_OPERATOR_A_16372,101.6123598,3.0789034899999996,LTE,471.65111160880423,1.173349023,0.8022271439367415,1.0523406782809896,,101.8735832937346,,8063.88,Operator A,16372,4G,11,3,2024.12.31_12.40.51,2025.03.06_12.00.35,-81.0,8.0,21.14985,WorldPop 2025 total in 1 km square centered on site,not_used_coarser_than_aoi_and_login_required,unknown_not_imputed,10.17632/dx5xyyfz2y.1,cop-dem-glo-30/Copernicus_DSM_COG_10_N03_00_E101_00_DEM,ASF GLO-30 HAND v1,OpenStreetMap contributors / ODbL,WorldPop R2025A 2025 100m
SUNWAY_OPERATOR_A_22133,101.592066,3.057131570000001,NR,221.23621739074292,2.031802416,1.3118491620908863,2.5683958934516786,,391.00809626751675,,5654.13,Operator A,22133,4G|5G,248,4,2024.12.31_12.25.37,2025.03.06_11.48.20,-78.0,8.0,18.77991,WorldPop 2025 total in 1 km square centered on site,not_used_coarser_than_aoi_and_login_required,unknown_not_imputed,10.17632/dx5xyyfz2y.1,cop-dem-glo-30/Copernicus_DSM_COG_10_N03_00_E101_00_DEM,ASF GLO-30 HAND v1,OpenStreetMap contributors / ODbL,WorldPop R2025A 2025 100m
SUNWAY_OPERATOR_A_26740,101.6052639,3.06070663,LTE,93.20529087476595,0.0,12.184848111866142,16.857678568409344,,780.6383981759959,,6232.0,Operator A,26740,4G,4,1,2025.03.20_13.44.58,2025.03.20_13.45.00,-99.0,6.0,-10.599059,WorldPop 2025 total in 1 km square centered on site,not_used_coarser_than_aoi_and_login_required,unknown_not_imputed,10.17632/dx5xyyfz2y.1,cop-dem-glo-30/Copernicus_DSM_COG_10_N03_00_E101_00_DEM,ASF GLO-30 HAND v1,OpenStreetMap contributors / ODbL,WorldPop R2025A 2025 100m
SUNWAY_OPERATOR_A_28131,101.5920676,3.057131570000001,LTE,221.06614181820652,2.031802416,1.3118491620908863,2.5683958934516786,,391.05966840675205,,5654.13,Operator A,28131,4G,2,1,2024.12.31_12.27.41,2024.12.31_12.27.41,-80.5,8.0,18.77991,WorldPop 2025 total in 1 km square centered on site,not_used_coarser_than_aoi_and_login_required,unknown_not_imputed,10.17632/dx5xyyfz2y.1,cop-dem-glo-30/Copernicus_DSM_COG_10_N03_00_E101_00_DEM,ASF GLO-30 HAND v1,OpenStreetMap contributors / ODbL,WorldPop R2025A 2025 100m
SUNWAY_OPERATOR_A_35372,101.5983979,3.06198269,NR,57.7700610438949,2.388100624,2.6515405686855593,3.0715873287727726,,871.0469559959896,,6541.7,Operator A,35372,4G|5G,121,6,2024.12.31_12.28.41,2025.03.20_13.53.59,-84.0,8.0,18.569994,WorldPop 2025 total in 1 km square centered on site,not_used_coarser_than_aoi_and_login_required,unknown_not_imputed,10.17632/dx5xyyfz2y.1,cop-dem-glo-30/Copernicus_DSM_COG_10_N03_00_E101_00_DEM,ASF GLO-30 HAND v1,OpenStreetMap contributors / ODbL,WorldPop R2025A 2025 100m
SUNWAY_OPERATOR_A_36933,101.6124,3.0789034899999996,LTE,476.1168788329549,0.527772427,0.8022271439367415,1.0523406782809896,,100.24216197432669,,8063.88,Operator A,36933,4G,27,3,2024.12.31_12.40.52,2025.03.06_12.00.34,-82.0,11.0,21.14985,WorldPop 2025 total in 1 km square centered on site,not_used_coarser_than_aoi_and_login_required,unknown_not_imputed,10.17632/dx5xyyfz2y.1,cop-dem-glo-30/Copernicus_DSM_COG_10_N03_00_E101_00_DEM,ASF GLO-30 HAND v1,OpenStreetMap contributors / ODbL,WorldPop R2025A 2025 100m
SUNWAY_OPERATOR_A_45721,101.6126098,3.0789034899999996,LTE,499.424119466452,0.527772427,0.5587904300951593,1.2885977504542556,,91.72792832216331,,8063.88,Operator A,45721,4G,7,1,2025.02.14_12.16.22,2025.02.14_12.16.35,-76.0,6.0,21.16818,WorldPop 2025 total in 1 km square centered on site,not_used_coarser_than_aoi_and_login_required,unknown_not_imputed,10.17632/dx5xyyfz2y.1,cop-dem-glo-30/Copernicus_DSM_COG_10_N03_00_E101_00_DEM,ASF GLO-30 HAND v1,OpenStreetMap contributors / ODbL,WorldPop R2025A 2025 100m
SUNWAY_OPERATOR_A_54681,101.6069073,3.06641272,LTE,73.1529785767196,6e-05,4.047840382311593,14.765715596766444,,975.0102789401116,,6086.71,Operator A,54681,4G,5,2,2024.12.03_15.50.30,2025.01.16_12.34.04,-100.0,11.0,15.137374,WorldPop 2025 total in 1 km square centered on site,not_used_coarser_than_aoi_and_login_required,unknown_not_imputed,10.17632/dx5xyyfz2y.1,cop-dem-glo-30/Copernicus_DSM_COG_10_N03_00_E101_00_DEM,ASF GLO-30 HAND v1,OpenStreetMap contributors / ODbL,WorldPop R2025A 2025 100m
SUNWAY_OPERATOR_A_55382,101.6040248,3.07295468,LTE,371.6450227161417,0.400332719,4.000828619160916,6.959998414323126,,242.78289088590017,,7099.31,Operator A,55382,4G,1,1,2025.01.07_10.25.00,2025.01.07_10.25.00,-88.0,4.0,19.25335,WorldPop 2025 total in 1 km square centered on site,not_used_coarser_than_aoi_and_login_required,unknown_not_imputed,10.17632/dx5xyyfz2y.1,cop-dem-glo-30/Copernicus_DSM_COG_10_N03_00_E101_00_DEM,ASF GLO-30 HAND v1,OpenStreetMap contributors / ODbL,WorldPop R2025A 2025 100m
SUNWAY_OPERATOR_A_64502,101.6038916,3.0604026,NR,93.71859573287072,0.0,10.146864220578289,15.398009260068354,,680.9097158851147,,5832.53,Operator A,64502,4G|5G,4,2,2024.12.10_12.38.45,2025.03.06_12.06.51,-97.0,8.0,1.7915267,WorldPop 2025 total in 1 km square centered on site,not_used_coarser_than_aoi_and_login_required,unknown_not_imputed,10.17632/dx5xyyfz2y.1,cop-dem-glo-30/Copernicus_DSM_COG_10_N03_00_E101_00_DEM,ASF GLO-30 HAND v1,OpenStreetMap contributors / ODbL,WorldPop R2025A 2025 100m
SUNWAY_OPERATOR_A_701684,101.6107273,3.07073902,NR,308.66111521610605,1.324341774,2.8623209682180843,3.1496735009709473,,501.70791851017174,,7589.42,Operator A,701684,4G|5G,1544,9,2024.12.03_15.58.13,2025.03.20_13.31.37,-87.0,8.0,19.679026,WorldPop 2025 total in 1 km square centered on site,not_used_coarser_than_aoi_and_login_required,unknown_not_imputed,10.17632/dx5xyyfz2y.1,cop-dem-glo-30/Copernicus_DSM_COG_10_N03_00_E101_00_DEM,ASF GLO-30 HAND v1,OpenStreetMap contributors / ODbL,WorldPop R2025A 2025 100m
SUNWAY_OPERATOR_A_701688,101.6025813,3.06998171,NR,389.74308109663644,0.256157488,3.6873945614719257,6.924013856764976,,416.86021258837997,,7190.39,Operator A,701688,4G|5G,225,7,2024.12.04_12.15.17,2025.02.20_12.18.47,-84.0,6.0,19.462442,WorldPop 2025 total in 1 km square centered on site,not_used_coarser_than_aoi_and_login_required,unknown_not_imputed,10.17632/dx5xyyfz2y.1,cop-dem-glo-30/Copernicus_DSM_COG_10_N03_00_E101_00_DEM,ASF GLO-30 HAND v1,OpenStreetMap contributors / ODbL,WorldPop R2025A 2025 100m
SUNWAY_OPERATOR_A_701753,101.6106956,3.06652472,NR,272.8721228534028,0.00028,5.220311521299938,15.978066105232305,,758.9207759791477,,8059.36,Operator A,701753,4G|5G,177,4,2024.12.31_12.14.18,2025.03.06_11.56.24,-93.0,6.0,20.747679,WorldPop 2025 total in 1 km square centered on site,not_used_coarser_than_aoi_and_login_required,unknown_not_imputed,10.17632/dx5xyyfz2y.1,cop-dem-glo-30/Copernicus_DSM_COG_10_N03_00_E101_00_DEM,ASF GLO-30 HAND v1,OpenStreetMap contributors / ODbL,WorldPop R2025A 2025 100m
SUNWAY_OPERATOR_A_701775,101.6027111,3.07277511,NR,356.5093726141213,1.119623423,2.1215741289071453,3.636194368461824,,131.37993837448846,,7987.63,Operator A,701775,4G|5G,88,3,2024.12.12_12.26.41,2025.02.20_12.14.21,-83.0,4.0,19.97214,WorldPop 2025 total in 1 km square centered on site,not_used_coarser_than_aoi_and_login_required,unknown_not_imputed,10.17632/dx5xyyfz2y.1,cop-dem-glo-30/Copernicus_DSM_COG_10_N03_00_E101_00_DEM,ASF GLO-30 HAND v1,OpenStreetMap contributors / ODbL,WorldPop R2025A 2025 100m
SUNWAY_OPERATOR_A_701796,101.6047775,3.07315645,NR,320.91522007269526,7e-05,2.014305824881669,4.146506243962917,,317.7472881200115,,7887.9,Operator A,701796,4G|5G,134,3,2024.12.12_12.28.54,2025.02.20_12.11.54,-91.5,8.0,19.747818,WorldPop 2025 total in 1 km square centered on site,not_used_coarser_than_aoi_and_login_required,unknown_not_imputed,10.17632/dx5xyyfz2y.1,cop-dem-glo-30/Copernicus_DSM_COG_10_N03_00_E101_00_DEM,ASF GLO-30 HAND v1,OpenStreetMap contributors / ODbL,WorldPop R2025A 2025 100m
SUNWAY_OPERATOR_A_701806,101.6101976,3.07598075,NR,383.63825069752494,2.179637671,4.588981914750556,5.86841364508085,,17.319003995829355,,7838.99,Operator A,701806,4G|5G,710,11,2024.12.03_16.07.28,2025.03.20_13.21.43,-87.0,6.0,21.09223,WorldPop 2025 total in 1 km square centered on site,not_used_coarser_than_aoi_and_login_required,unknown_not_imputed,10.17632/dx5xyyfz2y.1,cop-dem-glo-30/Copernicus_DSM_COG_10_N03_00_E101_00_DEM,ASF GLO-30 HAND v1,OpenStreetMap contributors / ODbL,WorldPop R2025A 2025 100m
SUNWAY_OPERATOR_A_701866,101.5980033,3.06161728,NR,102.01904756921894,1.677021265,2.1152113117929803,5.983679865739446,,852.6593146430664,,6541.7,Operator A,701866,5G,3,1,2025.03.06_11.51.18,2025.03.06_11.51.20,-96.0,11.0,17.350782,WorldPop 2025 total in 1 km square centered on site,not_used_coarser_than_aoi_and_login_required,unknown_not_imputed,10.17632/dx5xyyfz2y.1,cop-dem-glo-30/Copernicus_DSM_COG_10_N03_00_E101_00_DEM,ASF GLO-30 HAND v1,OpenStreetMap contributors / ODbL,WorldPop R2025A 2025 100m
SUNWAY_OPERATOR_A_701872,101.61202,3.0789034899999996,NR,433.90549262607095,0.68147999,3.475534314288133,5.575848976995154,,115.66355753030766,,7369.85,Operator A,701872,4G|5G,53,4,2024.12.31_12.06.32,2025.03.06_12.00.42,-95.0,8.0,20.904108,WorldPop 2025 total in 1 km square centered on site,not_used_coarser_than_aoi_and_login_required,unknown_not_imputed,10.17632/dx5xyyfz2y.1,cop-dem-glo-30/Copernicus_DSM_COG_10_N03_00_E101_00_DEM,ASF GLO-30 HAND v1,OpenStreetMap contributors / ODbL,WorldPop R2025A 2025 100m
SUNWAY_OPERATOR_A_701888,101.6107861,3.0789034899999996,NR,296.8978620827921,8.381466866,1.5919766767862567,6.256785378411668,,147.41182942612826,,8036.44,Operator A,701888,4G|5G,79,4,2024.12.31_12.09.32,2025.03.06_12.00.03,-90.0,8.0,27.688343,WorldPop 2025 total in 1 km square centered on site,not_used_coarser_than_aoi_and_login_required,unknown_not_imputed,10.17632/dx5xyyfz2y.1,cop-dem-glo-30/Copernicus_DSM_COG_10_N03_00_E101_00_DEM,ASF GLO-30 HAND v1,OpenStreetMap contributors / ODbL,WorldPop R2025A 2025 100m
SUNWAY_OPERATOR_A_701895,101.6123955,3.0789034899999996,NR,475.6169768691159,0.527772427,0.8022271439367415,1.0523406782809896,,100.42478376334783,,8063.88,Operator A,701895,4G|5G,156,4,2024.12.31_12.06.24,2025.03.06_12.01.31,-96.0,8.0,21.14985,WorldPop 2025 total in 1 km square centered on site,not_used_coarser_than_aoi_and_login_required,unknown_not_imputed,10.17632/dx5xyyfz2y.1,cop-dem-glo-30/Copernicus_DSM_COG_10_N03_00_E101_00_DEM,ASF GLO-30 HAND v1,OpenStreetMap contributors / ODbL,WorldPop R2025A 2025 100m
SUNWAY_OPERATOR_A_701905,101.6055148,3.07049259,NR,88.82418237358458,0.0,14.096096098071754,19.57526035598886,,530.1697870269946,,6763.88,Operator A,701905,4G|5G,1655,19,2024.12.03_15.43.16,2025.04.02_13.41.33,-89.0,6.0,7.7408895,WorldPop 2025 total in 1 km square centered on site,not_used_coarser_than_aoi_and_login_required,unknown_not_imputed,10.17632/dx5xyyfz2y.1,cop-dem-glo-30/Copernicus_DSM_COG_10_N03_00_E101_00_DEM,ASF GLO-30 HAND v1,OpenStreetMap contributors / ODbL,WorldPop R2025A 2025 100m
SUNWAY_OPERATOR_A_701911,101.6087852,3.06551172,NR,267.71583617284483,4.552905083,2.1838313701679684,4.123692657912853,,995.2872106775418,,6492.87,Operator A,701911,4G|5G,1273,11,2024.12.03_15.47.44,2025.03.20_13.38.20,-82.0,11.0,21.350883,WorldPop 2025 total in 1 km square centered on site,not_used_coarser_than_aoi_and_login_required,unknown_not_imputed,10.17632/dx5xyyfz2y.1,cop-dem-glo-30/Copernicus_DSM_COG_10_N03_00_E101_00_DEM,ASF GLO-30 HAND v1,OpenStreetMap contributors / ODbL,WorldPop R2025A 2025 100m
SUNWAY_OPERATOR_A_701934,101.5940968,3.05714478,NR,67.66856712592084,0.0,6.508715318256584,11.327477792380582,,506.06008015231777,,5419.3,Operator A,701934,5G,13,2,2024.12.31_12.24.45,2025.02.14_12.31.40,-100.0,4.0,14.027934,WorldPop 2025 total in 1 km square centered on site,not_used_coarser_than_aoi_and_login_required,unknown_not_imputed,10.17632/dx5xyyfz2y.1,cop-dem-glo-30/Copernicus_DSM_COG_10_N03_00_E101_00_DEM,ASF GLO-30 HAND v1,OpenStreetMap contributors / ODbL,WorldPop R2025A 2025 100m
SUNWAY_OPERATOR_A_701997,101.5981089,3.06166221,NR,90.29812490769456,1.677021265,0.7513969955216485,1.2612532195921393,,851.9432857213034,,6541.7,Operator A,701997,4G|5G,35,3,2024.12.10_12.44.00,2025.02.14_12.37.47,-99.0,6.0,18.22871,WorldPop 2025 total in 1 km square centered on site,not_used_coarser_than_aoi_and_login_required,unknown_not_imputed,10.17632/dx5xyyfz2y.1,cop-dem-glo-30/Copernicus_DSM_COG_10_N03_00_E101_00_DEM,ASF GLO-30 HAND v1,OpenStreetMap contributors / ODbL,WorldPop R2025A 2025 100m
SUNWAY_OPERATOR_A_702000,101.5986784,3.06399857,NR,27.746134615781216,0.149824142,0.7154723639003069,1.9178344269131968,,819.8994777313702,,5781.2,Operator A,702000,4G|5G,40,2,2024.12.31_12.25.13,2025.02.14_12.32.03,-94.5,6.0,18.26298,WorldPop 2025 total in 1 km square centered on site,not_used_coarser_than_aoi_and_login_required,unknown_not_imputed,10.17632/dx5xyyfz2y.1,cop-dem-glo-30/Copernicus_DSM_COG_10_N03_00_E101_00_DEM,ASF GLO-30 HAND v1,OpenStreetMap contributors / ODbL,WorldPop R2025A 2025 100m
SUNWAY_OPERATOR_A_702010,101.5941521,3.057131570000001,NR,67.82368022001111,0.0,6.508715318256584,11.327477792380582,,509.12428625547983,,5419.3,Operator A,702010,4G|5G,107,3,2024.12.31_12.24.56,2025.03.06_11.48.37,-89.0,6.0,14.027934,WorldPop 2025 total in 1 km square centered on site,not_used_coarser_than_aoi_and_login_required,unknown_not_imputed,10.17632/dx5xyyfz2y.1,cop-dem-glo-30/Copernicus_DSM_COG_10_N03_00_E101_00_DEM,ASF GLO-30 HAND v1,OpenStreetMap contributors / ODbL,WorldPop R2025A 2025 100m
SUNWAY_OPERATOR_A_702023,101.5966828,3.06167319,NR,248.82828378508066,4e-05,2.947521399456763,4.124491047075342,,932.7776628389387,,6811.16,Operator A,702023,4G|5G,568,5,2024.12.10_12.44.02,2025.03.06_11.51.17,-90.0,11.0,15.904019,WorldPop 2025 total in 1 km square centered on site,not_used_coarser_than_aoi_and_login_required,unknown_not_imputed,10.17632/dx5xyyfz2y.1,cop-dem-glo-30/Copernicus_DSM_COG_10_N03_00_E101_00_DEM,ASF GLO-30 HAND v1,OpenStreetMap contributors / ODbL,WorldPop R2025A 2025 100m
SUNWAY_OPERATOR_A_702044,101.598582,3.06234283,NR,37.05020332706143,5.232035637,2.61843517734401,4.4681535121648,,900.4718717090351,,6607.49,Operator A,702044,4G|5G,55,3,2024.12.31_12.21.36,2025.03.06_11.51.41,-96.0,6.0,20.354713,WorldPop 2025 total in 1 km square centered on site,not_used_coarser_than_aoi_and_login_required,unknown_not_imputed,10.17632/dx5xyyfz2y.1,cop-dem-glo-30/Copernicus_DSM_COG_10_N03_00_E101_00_DEM,ASF GLO-30 HAND v1,OpenStreetMap contributors / ODbL,WorldPop R2025A 2025 100m
SUNWAY_OPERATOR_A_702063,101.6078638,3.06221024,NR,292.44909276359624,8e-05,4.260910296423792,6.722066474670526,,1085.825469530609,,5961.55,Operator A,702063,4G|5G,127,3,2024.12.10_12.14.24,2025.03.20_13.46.59,-95.0,6.0,-1.0796025,WorldPop 2025 total in 1 km square centered on site,not_used_coarser_than_aoi_and_login_required,unknown_not_imputed,10.17632/dx5xyyfz2y.1,cop-dem-glo-30/Copernicus_DSM_COG_10_N03_00_E101_00_DEM,ASF GLO-30 HAND v1,OpenStreetMap contributors / ODbL,WorldPop R2025A 2025 100m
SUNWAY_OPERATOR_A_702072,101.6016286,3.06529604,NR,135.83816485143493,4.434287071,5.18860171753648,8.085914595853403,,775.9212846787817,,5802.27,Operator A,702072,4G|5G,1483,11,2024.12.04_11.12.28,2025.03.20_13.56.14,-86.0,6.0,19.595497,WorldPop 2025 total in 1 km square centered on site,not_used_coarser_than_aoi_and_login_required,unknown_not_imputed,10.17632/dx5xyyfz2y.1,cop-dem-glo-30/Copernicus_DSM_COG_10_N03_00_E101_00_DEM,ASF GLO-30 HAND v1,OpenStreetMap contributors / ODbL,WorldPop R2025A 2025 100m
SUNWAY_OPERATOR_A_702109,101.6083034,3.07346582,NR,221.04116659527597,7.438750267,6.086384419185742,9.858518297091837,,292.9231086840804,,7802.64,Operator A,702109,4G|5G,212,4,2025.02.14_12.13.24,2025.03.20_13.28.36,-84.0,8.0,25.065243,WorldPop 2025 total in 1 km square centered on site,not_used_coarser_than_aoi_and_login_required,unknown_not_imputed,10.17632/dx5xyyfz2y.1,cop-dem-glo-30/Copernicus_DSM_COG_10_N03_00_E101_00_DEM,ASF GLO-30 HAND v1,OpenStreetMap contributors / ODbL,WorldPop R2025A 2025 100m
SUNWAY_OPERATOR_A_702175,101.5939926,3.05783385,NR,142.38225873262323,6e-05,2.568827964055886,5.541291351189138,,558.0616364805917,,6192.97,Operator A,702175,4G|5G,66,6,2024.12.10_12.43.13,2025.03.20_13.54.10,-97.0,7.0,15.977093,WorldPop 2025 total in 1 km square centered on site,not_used_coarser_than_aoi_and_login_required,unknown_not_imputed,10.17632/dx5xyyfz2y.1,cop-dem-glo-30/Copernicus_DSM_COG_10_N03_00_E101_00_DEM,ASF GLO-30 HAND v1,OpenStreetMap contributors / ODbL,WorldPop R2025A 2025 100m
SUNWAY_OPERATOR_A_86456,101.5940867,3.05859777,LTE,227.2039349629702,4e-05,0.4507342516294292,1.8980413680511137,,633.931818724911,,6377.35,Operator A,86456,4G,8,2,2025.01.16_13.35.27,2025.02.14_12.35.25,-87.0,6.0,16.912254,WorldPop 2025 total in 1 km square centered on site,not_used_coarser_than_aoi_and_login_required,unknown_not_imputed,10.17632/dx5xyyfz2y.1,cop-dem-glo-30/Copernicus_DSM_COG_10_N03_00_E101_00_DEM,ASF GLO-30 HAND v1,OpenStreetMap contributors / ODbL,WorldPop R2025A 2025 100m
SUNWAY_OPERATOR_A_87496,101.6069073,3.06641272,LTE,73.1529785767196,6e-05,4.047840382311593,14.765715596766444,,975.0102789401116,,6086.71,Operator A,87496,4G,6,1,2024.12.03_15.51.37,2024.12.03_15.51.58,-95.0,11.0,15.137374,WorldPop 2025 total in 1 km square centered on site,not_used_coarser_than_aoi_and_login_required,unknown_not_imputed,10.17632/dx5xyyfz2y.1,cop-dem-glo-30/Copernicus_DSM_COG_10_N03_00_E101_00_DEM,ASF GLO-30 HAND v1,OpenStreetMap contributors / ODbL,WorldPop R2025A 2025 100m
SUNWAY_OPERATOR_A_95182,101.6084597,3.0734284,LTE,223.7574692275165,7.438750267,9.446549631010669,10.725441631034661,,307.68869818532636,,7802.64,Operator A,95182,4G,8,1,2024.12.12_11.55.14,2024.12.12_11.55.58,-69.0,11.0,25.363209,WorldPop 2025 total in 1 km square centered on site,not_used_coarser_than_aoi_and_login_required,unknown_not_imputed,10.17632/dx5xyyfz2y.1,cop-dem-glo-30/Copernicus_DSM_COG_10_N03_00_E101_00_DEM,ASF GLO-30 HAND v1,OpenStreetMap contributors / ODbL,WorldPop R2025A 2025 100m
SUNWAY_OPERATOR_A_95192,101.6111588,3.0789034899999996,NR,338.2681006957335,5.645896435,1.1179201018381202,3.530695229548675,,149.68573530343326,,8036.44,Operator A,95192,4G|5G,21,2,2025.02.14_12.15.36,2025.03.06_12.00.23,-77.0,11.0,26.698395,WorldPop 2025 total in 1 km square centered on site,not_used_coarser_than_aoi_and_login_required,unknown_not_imputed,10.17632/dx5xyyfz2y.1,cop-dem-glo-30/Copernicus_DSM_COG_10_N03_00_E101_00_DEM,ASF GLO-30 HAND v1,OpenStreetMap contributors / ODbL,WorldPop R2025A 2025 100m
SUNWAY_OPERATOR_B_210038,101.6031208,3.07280105,LTE,363.6748265129037,0.400392711,4.927963167647736,6.2045981999920885,,162.0183080692106,,7850.17,Operator B,210038,4G,28,1,2025.02.20_12.51.14,2025.02.20_12.56.37,-84.0,6.0,22.638992,WorldPop 2025 total in 1 km square centered on site,not_used_coarser_than_aoi_and_login_required,unknown_not_imputed,10.17632/dx5xyyfz2y.1,cop-dem-glo-30/Copernicus_DSM_COG_10_N03_00_E101_00_DEM,ASF GLO-30 HAND v1,OpenStreetMap contributors / ODbL,WorldPop R2025A 2025 100m
SUNWAY_OPERATOR_B_210046,101.6120681,3.0789034899999996,LTE,439.2482556291737,0.68147999,3.475534314288133,5.575848976995154,,113.71153351381078,,7369.85,Operator B,210046,4G,5,1,2025.02.14_11.12.00,2025.02.14_11.12.05,-81.0,11.0,20.904108,WorldPop 2025 total in 1 km square centered on site,not_used_coarser_than_aoi_and_login_required,unknown_not_imputed,10.17632/dx5xyyfz2y.1,cop-dem-glo-30/Copernicus_DSM_COG_10_N03_00_E101_00_DEM,ASF GLO-30 HAND v1,OpenStreetMap contributors / ODbL,WorldPop R2025A 2025 100m
SUNWAY_OPERATOR_B_210077,101.6132802,3.0746694,LTE,682.8085897957023,0.0,1.4847729194288428,6.799696649611739,,94.60272181862777,,8527.0,Operator B,210077,4G,3,1,2025.01.27_13.47.11,2025.01.27_13.47.24,-87.0,6.0,17.661545,WorldPop 2025 total in 1 km square centered on site,not_used_coarser_than_aoi_and_login_required,unknown_not_imputed,10.17632/dx5xyyfz2y.1,cop-dem-glo-30/Copernicus_DSM_COG_10_N03_00_E101_00_DEM,ASF GLO-30 HAND v1,OpenStreetMap contributors / ODbL,WorldPop R2025A 2025 100m
SUNWAY_OPERATOR_B_210082,101.602567,3.07267652,LTE,365.1820062692227,0.400512725,2.1215741289071453,3.636194368461824,,131.27561314247023,,7987.63,Operator B,210082,4G,16,2,2025.01.27_13.25.41,2025.02.20_12.53.20,-83.0,6.0,19.97214,WorldPop 2025 total in 1 km square centered on site,not_used_coarser_than_aoi_and_login_required,unknown_not_imputed,10.17632/dx5xyyfz2y.1,cop-dem-glo-30/Copernicus_DSM_COG_10_N03_00_E101_00_DEM,ASF GLO-30 HAND v1,OpenStreetMap contributors / ODbL,WorldPop R2025A 2025 100m
SUNWAY_OPERATOR_B_210083,101.6061114,3.06658046,NR,57.04864683846163,0.0,2.774695898814332,8.426594886048116,,912.0438460949258,,5989.94,Operator B,210083,4G|5G,33,4,2024.12.11_12.47.14,2025.04.02_12.35.46,-96.0,11.0,17.80022,WorldPop 2025 total in 1 km square centered on site,not_used_coarser_than_aoi_and_login_required,unknown_not_imputed,10.17632/dx5xyyfz2y.1,cop-dem-glo-30/Copernicus_DSM_COG_10_N03_00_E101_00_DEM,ASF GLO-30 HAND v1,OpenStreetMap contributors / ODbL,WorldPop R2025A 2025 100m
SUNWAY_OPERATOR_B_210089,101.6088818,3.07303558,LTE,212.44535879222,7.275429726,6.506487953870494,8.296029932380817,,345.029525518346,,7776.29,Operator B,210089,4G,13,2,2025.01.16_12.06.29,2025.01.27_13.42.19,-81.0,8.0,26.4318,WorldPop 2025 total in 1 km square centered on site,not_used_coarser_than_aoi_and_login_required,unknown_not_imputed,10.17632/dx5xyyfz2y.1,cop-dem-glo-30/Copernicus_DSM_COG_10_N03_00_E101_00_DEM,ASF GLO-30 HAND v1,OpenStreetMap contributors / ODbL,WorldPop R2025A 2025 100m
SUNWAY_OPERATOR_B_210135,101.601398,3.06523626,LTE,146.7604658745818,4.434287071,3.760669259531961,8.164086816566945,,769.4244374456509,,5802.27,Operator B,210135,4G,10,2,2024.12.31_11.10.11,2025.02.20_12.35.23,-74.0,6.0,20.974655,WorldPop 2025 total in 1 km square centered on site,not_used_coarser_than_aoi_and_login_required,unknown_not_imputed,10.17632/dx5xyyfz2y.1,cop-dem-glo-30/Copernicus_DSM_COG_10_N03_00_E101_00_DEM,ASF GLO-30 HAND v1,OpenStreetMap contributors / ODbL,WorldPop R2025A 2025 100m
SUNWAY_OPERATOR_B_210297,101.5923148,3.057131570000001,LTE,194.95638956093745,2.444796801,1.4898104573925632,1.8814309787329302,,399.89884862981586,,6002.74,Operator B,210297,4G,5,1,2024.12.31_11.07.00,2024.12.31_11.07.05,-86.0,6.0,17.72846,WorldPop 2025 total in 1 km square centered on site,not_used_coarser_than_aoi_and_login_required,unknown_not_imputed,10.17632/dx5xyyfz2y.1,cop-dem-glo-30/Copernicus_DSM_COG_10_N03_00_E101_00_DEM,ASF GLO-30 HAND v1,OpenStreetMap contributors / ODbL,WorldPop R2025A 2025 100m
SUNWAY_OPERATOR_B_211399,101.6045265,3.06621667,NR,204.18885800997285,1.308946013,6.609590622662037,7.386109215088419,,875.0153001656445,,4815.09,Operator B,211399,4G|5G,16,5,2024.12.04_11.38.56,2025.04.02_12.36.08,-83.5,8.0,22.661125,WorldPop 2025 total in 1 km square centered on site,not_used_coarser_than_aoi_and_login_required,unknown_not_imputed,10.17632/dx5xyyfz2y.1,cop-dem-glo-30/Copernicus_DSM_COG_10_N03_00_E101_00_DEM,ASF GLO-30 HAND v1,OpenStreetMap contributors / ODbL,WorldPop R2025A 2025 100m
SUNWAY_OPERATOR_B_211467,101.5932434,3.057131570000001,LTE,103.42204270435323,6e-05,4.6173150420548525,5.121994215731661,,446.84900678513355,,5648.16,Operator B,211467,4G,11,2,2024.12.31_11.07.06,2025.03.06_11.45.40,-87.0,8.0,16.515564,WorldPop 2025 total in 1 km square centered on site,not_used_coarser_than_aoi_and_login_required,unknown_not_imputed,10.17632/dx5xyyfz2y.1,cop-dem-glo-30/Copernicus_DSM_COG_10_N03_00_E101_00_DEM,ASF GLO-30 HAND v1,OpenStreetMap contributors / ODbL,WorldPop R2025A 2025 100m
SUNWAY_OPERATOR_B_211635,101.6107556,3.07149294,LTE,319.40159253905716,1.378331304,2.7071403855925262,4.9466707974077915,,442.7075531788794,,7710.33,Operator B,211635,4G,2,1,2025.01.27_13.21.40,2025.01.27_13.21.41,-108.0,11.0,23.006622,WorldPop 2025 total in 1 km square centered on site,not_used_coarser_than_aoi_and_login_required,unknown_not_imputed,10.17632/dx5xyyfz2y.1,cop-dem-glo-30/Copernicus_DSM_COG_10_N03_00_E101_00_DEM,ASF GLO-30 HAND v1,OpenStreetMap contributors / ODbL,WorldPop R2025A 2025 100m
SUNWAY_OPERATOR_B_212644,101.6077843,3.07343843,LTE,205.60107488462168,3.752753019,5.710765498533158,8.30008733330156,,260.99563093726977,,7768.0,Operator B,212644,4G,76,3,2024.12.11_13.06.14,2025.02.20_13.02.22,-79.5,6.0,23.242397,WorldPop 2025 total in 1 km square centered on site,not_used_coarser_than_aoi_and_login_required,unknown_not_imputed,10.17632/dx5xyyfz2y.1,cop-dem-glo-30/Copernicus_DSM_COG_10_N03_00_E101_00_DEM,ASF GLO-30 HAND v1,OpenStreetMap contributors / ODbL,WorldPop R2025A 2025 100m
SUNWAY_OPERATOR_B_212660,101.5987009,3.06389682,LTE,25.152941102097977,0.149824142,0.7154723639003069,1.9178344269131968,,831.2956939867638,,5781.2,Operator B,212660,4G,42,3,2024.12.31_11.09.55,2025.03.06_11.43.18,-86.0,6.0,18.26298,WorldPop 2025 total in 1 km square centered on site,not_used_coarser_than_aoi_and_login_required,unknown_not_imputed,10.17632/dx5xyyfz2y.1,cop-dem-glo-30/Copernicus_DSM_COG_10_N03_00_E101_00_DEM,ASF GLO-30 HAND v1,OpenStreetMap contributors / ODbL,WorldPop R2025A 2025 100m
SUNWAY_OPERATOR_B_212677,101.5921331,3.057131570000001,NR,214.11452977312325,2.444796801,1.3118491620908863,2.5683958934516786,,393.23415651037976,,5654.13,Operator B,212677,4G|5G,59,2,2024.12.31_11.04.26,2025.03.06_11.46.33,-78.0,8.0,18.77991,WorldPop 2025 total in 1 km square centered on site,not_used_coarser_than_aoi_and_login_required,unknown_not_imputed,10.17632/dx5xyyfz2y.1,cop-dem-glo-30/Copernicus_DSM_COG_10_N03_00_E101_00_DEM,ASF GLO-30 HAND v1,OpenStreetMap contributors / ODbL,WorldPop R2025A 2025 100m
SUNWAY_OPERATOR_B_212680,101.6120851,3.0789034899999996,LTE,441.1365734270436,1.173349023,3.475534314288133,5.575848976995154,,113.02162897577854,,7369.85,Operator B,212680,4G,2,1,2025.02.14_11.12.06,2025.02.14_11.12.07,-81.0,9.5,20.904108,WorldPop 2025 total in 1 km square centered on site,not_used_coarser_than_aoi_and_login_required,unknown_not_imputed,10.17632/dx5xyyfz2y.1,cop-dem-glo-30/Copernicus_DSM_COG_10_N03_00_E101_00_DEM,ASF GLO-30 HAND v1,OpenStreetMap contributors / ODbL,WorldPop R2025A 2025 100m
SUNWAY_OPERATOR_B_215945,101.6002329,3.06259778,LTE,146.20386713561714,2.456338644,9.76201721000733,9.998727753556084,,881.1254503831514,,6129.78,Operator B,215945,4G,149,2,2024.12.10_12.04.36,2025.01.27_14.04.26,-86.0,6.0,20.068933,WorldPop 2025 total in 1 km square centered on site,not_used_coarser_than_aoi_and_login_required,unknown_not_imputed,10.17632/dx5xyyfz2y.1,cop-dem-glo-30/Copernicus_DSM_COG_10_N03_00_E101_00_DEM,ASF GLO-30 HAND v1,OpenStreetMap contributors / ODbL,WorldPop R2025A 2025 100m
SUNWAY_OPERATOR_B_216175,101.6027379,3.06062655,LTE,71.50737445747902,5e-05,15.317646148924057,21.841922497346665,,667.4249954324264,,6255.89,Operator B,216175,4G,113,3,2024.12.10_12.04.18,2025.01.27_14.03.16,-88.0,6.0,1.6462103,WorldPop 2025 total in 1 km square centered on site,not_used_coarser_than_aoi_and_login_required,unknown_not_imputed,10.17632/dx5xyyfz2y.1,cop-dem-glo-30/Copernicus_DSM_COG_10_N03_00_E101_00_DEM,ASF GLO-30 HAND v1,OpenStreetMap contributors / ODbL,WorldPop R2025A 2025 100m
SUNWAY_OPERATOR_B_216183,101.6106798,3.06594428,NR,230.37648439075963,8.226660728,12.426697378587026,19.6243445826055,,802.4813499890817,,8098.12,Operator B,216183,5G,2,1,2025.03.06_12.06.42,2025.03.06_12.06.43,-97.0,8.0,22.452702,WorldPop 2025 total in 1 km square centered on site,not_used_coarser_than_aoi_and_login_required,unknown_not_imputed,10.17632/dx5xyyfz2y.1,cop-dem-glo-30/Copernicus_DSM_COG_10_N03_00_E101_00_DEM,ASF GLO-30 HAND v1,OpenStreetMap contributors / ODbL,WorldPop R2025A 2025 100m
SUNWAY_OPERATOR_B_216209,101.608667,3.07292011,LTE,187.39152457720644,15.962903023,6.331338256270216,11.944792999419814,,365.04074120660744,,6237.1,Operator B,216209,4G,19,1,2024.12.11_13.05.02,2024.12.11_13.09.50,-85.0,11.0,32.56083,WorldPop 2025 total in 1 km square centered on site,not_used_coarser_than_aoi_and_login_required,unknown_not_imputed,10.17632/dx5xyyfz2y.1,cop-dem-glo-30/Copernicus_DSM_COG_10_N03_00_E101_00_DEM,ASF GLO-30 HAND v1,OpenStreetMap contributors / ODbL,WorldPop R2025A 2025 100m
SUNWAY_OPERATOR_B_216210,101.608667,3.07292011,LTE,187.39152457720644,15.962903023,6.331338256270216,11.944792999419814,,365.04074120660744,,6237.1,Operator B,216210,4G,14,1,2024.12.11_13.10.14,2024.12.11_13.11.28,-91.0,11.0,32.56083,WorldPop 2025 total in 1 km square centered on site,not_used_coarser_than_aoi_and_login_required,unknown_not_imputed,10.17632/dx5xyyfz2y.1,cop-dem-glo-30/Copernicus_DSM_COG_10_N03_00_E101_00_DEM,ASF GLO-30 HAND v1,OpenStreetMap contributors / ODbL,WorldPop R2025A 2025 100m
SUNWAY_OPERATOR_B_701673,101.6121157,3.07427344,NR,575.4307754568313,13.221951485,10.567687142988039,14.05483975259885,,194.15045624251837,,7760.67,Operator B,701673,4G|5G,25,1,2025.01.27_13.47.33,2025.01.27_13.48.48,-100.0,8.0,24.143719,WorldPop 2025 total in 1 km square centered on site,not_used_coarser_than_aoi_and_login_required,unknown_not_imputed,10.17632/dx5xyyfz2y.1,cop-dem-glo-30/Copernicus_DSM_COG_10_N03_00_E101_00_DEM,ASF GLO-30 HAND v1,OpenStreetMap contributors / ODbL,WorldPop R2025A 2025 100m
SUNWAY_OPERATOR_B_701684,101.6107273,3.07073902,NR,308.66111521610605,1.324341774,2.8623209682180843,3.1496735009709473,,501.70791851017174,,7589.42,Operator B,701684,4G|5G,1255,9,2024.12.10_11.37.57,2025.03.20_14.05.21,-88.0,8.0,19.679026,WorldPop 2025 total in 1 km square centered on site,not_used_coarser_than_aoi_and_login_required,unknown_not_imputed,10.17632/dx5xyyfz2y.1,cop-dem-glo-30/Copernicus_DSM_COG_10_N03_00_E101_00_DEM,ASF GLO-30 HAND v1,OpenStreetMap contributors / ODbL,WorldPop R2025A 2025 100m
SUNWAY_OPERATOR_B_701688,101.6025813,3.06998171,NR,389.74308109663644,0.256157488,3.6873945614719257,6.924013856764976,,416.86021258837997,,7190.39,Operator B,701688,4G|5G,369,8,2024.12.04_12.29.51,2025.02.20_12.50.43,-90.0,6.0,19.462442,WorldPop 2025 total in 1 km square centered on site,not_used_coarser_than_aoi_and_login_required,unknown_not_imputed,10.17632/dx5xyyfz2y.1,cop-dem-glo-30/Copernicus_DSM_COG_10_N03_00_E101_00_DEM,ASF GLO-30 HAND v1,OpenStreetMap contributors / ODbL,WorldPop R2025A 2025 100m
SUNWAY_OPERATOR_B_701753,101.6106956,3.06652472,NR,272.8721228534028,0.00028,5.220311521299938,15.978066105232305,,758.9207759791477,,8059.36,Operator B,701753,4G|5G,104,3,2024.12.31_10.55.09,2025.02.14_11.20.26,-97.0,6.0,20.747679,WorldPop 2025 total in 1 km square centered on site,not_used_coarser_than_aoi_and_login_required,unknown_not_imputed,10.17632/dx5xyyfz2y.1,cop-dem-glo-30/Copernicus_DSM_COG_10_N03_00_E101_00_DEM,ASF GLO-30 HAND v1,OpenStreetMap contributors / ODbL,WorldPop R2025A 2025 100m
SUNWAY_OPERATOR_B_701775,101.6027111,3.07277511,NR,356.5093726141213,1.119623423,2.1215741289071453,3.636194368461824,,131.37993837448846,,7987.63,Operator B,701775,4G|5G,129,4,2024.12.12_11.40.39,2025.02.20_12.53.38,-87.0,6.0,19.97214,WorldPop 2025 total in 1 km square centered on site,not_used_coarser_than_aoi_and_login_required,unknown_not_imputed,10.17632/dx5xyyfz2y.1,cop-dem-glo-30/Copernicus_DSM_COG_10_N03_00_E101_00_DEM,ASF GLO-30 HAND v1,OpenStreetMap contributors / ODbL,WorldPop R2025A 2025 100m
SUNWAY_OPERATOR_B_701796,101.6047775,3.07315645,NR,320.91522007269526,7e-05,2.014305824881669,4.146506243962917,,317.7472881200115,,7887.9,Operator B,701796,4G|5G,263,4,2024.12.12_11.42.31,2025.02.20_12.57.09,-98.0,8.0,19.747818,WorldPop 2025 total in 1 km square centered on site,not_used_coarser_than_aoi_and_login_required,unknown_not_imputed,10.17632/dx5xyyfz2y.1,cop-dem-glo-30/Copernicus_DSM_COG_10_N03_00_E101_00_DEM,ASF GLO-30 HAND v1,OpenStreetMap contributors / ODbL,WorldPop R2025A 2025 100m
SUNWAY_OPERATOR_B_701806,101.6101976,3.07598075,NR,383.63825069752494,2.179637671,4.588981914750556,5.86841364508085,,17.319003995829355,,7838.99,Operator B,701806,4G|5G,877,10,2024.12.10_11.40.05,2025.03.20_14.05.46,-87.0,6.0,21.09223,WorldPop 2025 total in 1 km square centered on site,not_used_coarser_than_aoi_and_login_required,unknown_not_imputed,10.17632/dx5xyyfz2y.1,cop-dem-glo-30/Copernicus_DSM_COG_10_N03_00_E101_00_DEM,ASF GLO-30 HAND v1,OpenStreetMap contributors / ODbL,WorldPop R2025A 2025 100m
SUNWAY_OPERATOR_B_701866,101.5980033,3.06161728,NR,102.01904756921894,1.677021265,2.1152113117929803,5.983679865739446,,852.6593146430664,,6541.7,Operator B,701866,5G,60,2,2024.12.31_11.09.37,2025.01.27_13.27.15,-108.0,6.0,17.350782,WorldPop 2025 total in 1 km square centered on site,not_used_coarser_than_aoi_and_login_required,unknown_not_imputed,10.17632/dx5xyyfz2y.1,cop-dem-glo-30/Copernicus_DSM_COG_10_N03_00_E101_00_DEM,ASF GLO-30 HAND v1,OpenStreetMap contributors / ODbL,WorldPop R2025A 2025 100m
SUNWAY_OPERATOR_B_701872,101.61202,3.0789034899999996,NR,433.90549262607095,0.68147999,3.475534314288133,5.575848976995154,,115.66355753030766,,7369.85,Operator B,701872,5G,79,4,2024.12.31_10.50.23,2025.03.06_11.31.58,-94.0,11.0,20.904108,WorldPop 2025 total in 1 km square centered on site,not_used_coarser_than_aoi_and_login_required,unknown_not_imputed,10.17632/dx5xyyfz2y.1,cop-dem-glo-30/Copernicus_DSM_COG_10_N03_00_E101_00_DEM,ASF GLO-30 HAND v1,OpenStreetMap contributors / ODbL,WorldPop R2025A 2025 100m
SUNWAY_OPERATOR_B_701888,101.6107861,3.0789034899999996,NR,296.8978620827921,8.381466866,1.5919766767862567,6.256785378411668,,147.41182942612826,,8036.44,Operator B,701888,4G|5G,116,2,2024.12.31_10.50.47,2025.01.16_13.50.52,-92.0,6.0,27.688343,WorldPop 2025 total in 1 km square centered on site,not_used_coarser_than_aoi_and_login_required,unknown_not_imputed,10.17632/dx5xyyfz2y.1,cop-dem-glo-30/Copernicus_DSM_COG_10_N03_00_E101_00_DEM,ASF GLO-30 HAND v1,OpenStreetMap contributors / ODbL,WorldPop R2025A 2025 100m
SUNWAY_OPERATOR_B_701895,101.6123955,3.0789034899999996,NR,475.6169768691159,0.527772427,0.8022271439367415,1.0523406782809896,,100.42478376334783,,8063.88,Operator B,701895,4G|5G,191,4,2024.12.31_10.49.40,2025.03.06_11.32.10,-94.0,8.0,21.14985,WorldPop 2025 total in 1 km square centered on site,not_used_coarser_than_aoi_and_login_required,unknown_not_imputed,10.17632/dx5xyyfz2y.1,cop-dem-glo-30/Copernicus_DSM_COG_10_N03_00_E101_00_DEM,ASF GLO-30 HAND v1,OpenStreetMap contributors / ODbL,WorldPop R2025A 2025 100m
SUNWAY_OPERATOR_B_701905,101.6055148,3.07049259,NR,88.82418237358458,0.0,14.096096098071754,19.57526035598886,,530.1697870269946,,6763.88,Operator B,701905,4G|5G,2283,14,2024.12.04_11.40.33,2025.04.02_12.45.57,-90.0,6.0,7.7408895,WorldPop 2025 total in 1 km square centered on site,not_used_coarser_than_aoi_and_login_required,unknown_not_imputed,10.17632/dx5xyyfz2y.1,cop-dem-glo-30/Copernicus_DSM_COG_10_N03_00_E101_00_DEM,ASF GLO-30 HAND v1,OpenStreetMap contributors / ODbL,WorldPop R2025A 2025 100m
SUNWAY_OPERATOR_B_701911,101.6087852,3.06551172,NR,267.71583617284483,4.552905083,2.1838313701679684,4.123692657912853,,995.2872106775418,,6492.87,Operator B,701911,4G|5G,1029,10,2024.12.04_11.29.48,2025.03.20_14.01.53,-85.0,8.0,21.350883,WorldPop 2025 total in 1 km square centered on site,not_used_coarser_than_aoi_and_login_required,unknown_not_imputed,10.17632/dx5xyyfz2y.1,cop-dem-glo-30/Copernicus_DSM_COG_10_N03_00_E101_00_DEM,ASF GLO-30 HAND v1,OpenStreetMap contributors / ODbL,WorldPop R2025A 2025 100m
SUNWAY_OPERATOR_B_701934,101.5940968,3.05714478,NR,67.66856712592084,0.0,6.508715318256584,11.327477792380582,,506.06008015231777,,5419.3,Operator B,701934,4G|5G,34,3,2024.12.31_11.03.09,2025.02.14_11.27.51,-98.0,4.0,14.027934,WorldPop 2025 total in 1 km square centered on site,not_used_coarser_than_aoi_and_login_required,unknown_not_imputed,10.17632/dx5xyyfz2y.1,cop-dem-glo-30/Copernicus_DSM_COG_10_N03_00_E101_00_DEM,ASF GLO-30 HAND v1,OpenStreetMap contributors / ODbL,WorldPop R2025A 2025 100m
SUNWAY_OPERATOR_B_701949,101.5921127,3.057131570000001,NR,216.2772871984903,2.444796801,1.3118491620908863,2.5683958934516786,,392.5437221752153,,5654.13,Operator B,701949,5G,15,2,2025.02.14_11.28.25,2025.03.06_11.46.03,-105.0,8.0,18.77991,WorldPop 2025 total in 1 km square centered on site,not_used_coarser_than_aoi_and_login_required,unknown_not_imputed,10.17632/dx5xyyfz2y.1,cop-dem-glo-30/Copernicus_DSM_COG_10_N03_00_E101_00_DEM,ASF GLO-30 HAND v1,OpenStreetMap contributors / ODbL,WorldPop R2025A 2025 100m
SUNWAY_OPERATOR_B_701971,101.5939934,3.05734076,NR,87.87674751559332,2e-05,6.508715318256584,11.327477792380582,,514.9634330538026,,6192.97,Operator B,701971,5G,5,1,2025.03.06_11.45.14,2025.03.06_11.45.17,-84.0,8.0,14.027934,WorldPop 2025 total in 1 km square centered on site,not_used_coarser_than_aoi_and_login_required,unknown_not_imputed,10.17632/dx5xyyfz2y.1,cop-dem-glo-30/Copernicus_DSM_COG_10_N03_00_E101_00_DEM,ASF GLO-30 HAND v1,OpenStreetMap contributors / ODbL,WorldPop R2025A 2025 100m
SUNWAY_OPERATOR_B_701997,101.5981089,3.06166221,NR,90.29812490769456,1.677021265,0.7513969955216485,1.2612532195921393,,851.9432857213034,,6541.7,Operator B,701997,4G|5G,44,5,2024.12.31_11.00.19,2025.03.06_11.43.06,-104.0,7.0,18.22871,WorldPop 2025 total in 1 km square centered on site,not_used_coarser_than_aoi_and_login_required,unknown_not_imputed,10.17632/dx5xyyfz2y.1,cop-dem-glo-30/Copernicus_DSM_COG_10_N03_00_E101_00_DEM,ASF GLO-30 HAND v1,OpenStreetMap contributors / ODbL,WorldPop R2025A 2025 100m
SUNWAY_OPERATOR_B_702000,101.5986784,3.06399857,NR,27.746134615781216,0.149824142,0.7154723639003069,1.9178344269131968,,819.8994777313702,,5781.2,Operator B,702000,4G|5G,23,4,2024.12.31_11.00.01,2025.03.06_11.45.42,-91.0,4.0,18.26298,WorldPop 2025 total in 1 km square centered on site,not_used_coarser_than_aoi_and_login_required,unknown_not_imputed,10.17632/dx5xyyfz2y.1,cop-dem-glo-30/Copernicus_DSM_COG_10_N03_00_E101_00_DEM,ASF GLO-30 HAND v1,OpenStreetMap contributors / ODbL,WorldPop R2025A 2025 100m
SUNWAY_OPERATOR_B_702008,101.5972035,3.07297591,NR,26.906120820780593,4e-05,1.5446027574184584,2.4676643480181624,,61.35594650215114,,7802.41,Operator B,702008,4G|5G,25,1,2025.01.27_13.25.45,2025.01.27_13.27.23,-110.0,6.0,20.142097,WorldPop 2025 total in 1 km square centered on site,not_used_coarser_than_aoi_and_login_required,unknown_not_imputed,10.17632/dx5xyyfz2y.1,cop-dem-glo-30/Copernicus_DSM_COG_10_N03_00_E101_00_DEM,ASF GLO-30 HAND v1,OpenStreetMap contributors / ODbL,WorldPop R2025A 2025 100m
SUNWAY_OPERATOR_B_702010,101.5941521,3.057131570000001,NR,67.82368022001111,0.0,6.508715318256584,11.327477792380582,,509.12428625547983,,5419.3,Operator B,702010,4G|5G,290,4,2024.12.31_11.03.20,2025.03.06_11.45.36,-101.0,6.0,14.027934,WorldPop 2025 total in 1 km square centered on site,not_used_coarser_than_aoi_and_login_required,unknown_not_imputed,10.17632/dx5xyyfz2y.1,cop-dem-glo-30/Copernicus_DSM_COG_10_N03_00_E101_00_DEM,ASF GLO-30 HAND v1,OpenStreetMap contributors / ODbL,WorldPop R2025A 2025 100m
SUNWAY_OPERATOR_B_702023,101.5966828,3.06167319,NR,248.82828378508066,4e-05,2.947521399456763,4.124491047075342,,932.7776628389387,,6811.16,Operator B,702023,4G|5G,687,4,2024.12.31_11.00.03,2025.03.06_11.45.01,-91.0,8.0,15.904019,WorldPop 2025 total in 1 km square centered on site,not_used_coarser_than_aoi_and_login_required,unknown_not_imputed,10.17632/dx5xyyfz2y.1,cop-dem-glo-30/Copernicus_DSM_COG_10_N03_00_E101_00_DEM,ASF GLO-30 HAND v1,OpenStreetMap contributors / ODbL,WorldPop R2025A 2025 100m
SUNWAY_OPERATOR_B_702044,101.598582,3.06234283,NR,37.05020332706143,5.232035637,2.61843517734401,4.4681535121648,,900.4718717090351,,6607.49,Operator B,702044,4G|5G,60,4,2024.12.31_11.00.14,2025.03.06_11.45.54,-100.0,6.0,20.354713,WorldPop 2025 total in 1 km square centered on site,not_used_coarser_than_aoi_and_login_required,unknown_not_imputed,10.17632/dx5xyyfz2y.1,cop-dem-glo-30/Copernicus_DSM_COG_10_N03_00_E101_00_DEM,ASF GLO-30 HAND v1,OpenStreetMap contributors / ODbL,WorldPop R2025A 2025 100m
SUNWAY_OPERATOR_B_702063,101.6078638,3.06221024,NR,292.44909276359624,8e-05,4.260910296423792,6.722066474670526,,1085.825469530609,,5961.55,Operator B,702063,4G|5G,112,5,2024.12.10_11.37.07,2025.03.20_14.02.06,-95.0,6.0,-1.0796025,WorldPop 2025 total in 1 km square centered on site,not_used_coarser_than_aoi_and_login_required,unknown_not_imputed,10.17632/dx5xyyfz2y.1,cop-dem-glo-30/Copernicus_DSM_COG_10_N03_00_E101_00_DEM,ASF GLO-30 HAND v1,OpenStreetMap contributors / ODbL,WorldPop R2025A 2025 100m
SUNWAY_OPERATOR_B_702072,101.6016286,3.06529604,NR,135.83816485143493,4.434287071,5.18860171753648,8.085914595853403,,775.9212846787817,,5802.27,Operator B,702072,4G|5G,1236,11,2024.12.04_11.37.38,2025.03.06_11.42.40,-88.0,6.0,19.595497,WorldPop 2025 total in 1 km square centered on site,not_used_coarser_than_aoi_and_login_required,unknown_not_imputed,10.17632/dx5xyyfz2y.1,cop-dem-glo-30/Copernicus_DSM_COG_10_N03_00_E101_00_DEM,ASF GLO-30 HAND v1,OpenStreetMap contributors / ODbL,WorldPop R2025A 2025 100m
SUNWAY_OPERATOR_B_702109,101.6083034,3.07346582,NR,221.04116659527597,7.438750267,6.086384419185742,9.858518297091837,,292.9231086840804,,7802.64,Operator B,702109,4G|5G,176,4,2025.02.14_11.09.04,2025.03.20_14.06.54,-92.0,8.0,25.065243,WorldPop 2025 total in 1 km square centered on site,not_used_coarser_than_aoi_and_login_required,unknown_not_imputed,10.17632/dx5xyyfz2y.1,cop-dem-glo-30/Copernicus_DSM_COG_10_N03_00_E101_00_DEM,ASF GLO-30 HAND v1,OpenStreetMap contributors / ODbL,WorldPop R2025A 2025 100m
SUNWAY_OPERATOR_B_702144,101.5925761,3.057131570000001,NR,167.83340701437538,0.681285083,0.7116368810367975,1.7376585039633263,,411.0367020916369,,6002.74,Operator B,702144,5G,6,1,2025.03.06_11.45.43,2025.03.06_11.45.50,-82.5,8.0,18.118309,WorldPop 2025 total in 1 km square centered on site,not_used_coarser_than_aoi_and_login_required,unknown_not_imputed,10.17632/dx5xyyfz2y.1,cop-dem-glo-30/Copernicus_DSM_COG_10_N03_00_E101_00_DEM,ASF GLO-30 HAND v1,OpenStreetMap contributors / ODbL,WorldPop R2025A 2025 100m
SUNWAY_OPERATOR_B_702175,101.5939926,3.05783385,NR,142.38225873262323,6e-05,2.568827964055886,5.541291351189138,,558.0616364805917,,6192.97,Operator B,702175,4G|5G,76,5,2024.12.10_12.06.15,2025.03.06_11.45.13,-96.0,6.0,15.977093,WorldPop 2025 total in 1 km square centered on site,not_used_coarser_than_aoi_and_login_required,unknown_not_imputed,10.17632/dx5xyyfz2y.1,cop-dem-glo-30/Copernicus_DSM_COG_10_N03_00_E101_00_DEM,ASF GLO-30 HAND v1,OpenStreetMap contributors / ODbL,WorldPop R2025A 2025 100m
SUNWAY_OPERATOR_C_701684,101.6107273,3.07073902,NR,308.66111521610605,1.324341774,2.8623209682180843,3.1496735009709473,,501.70791851017174,,7589.42,Operator C,701684,4G|5G,1458,9,2024.12.03_11.45.19,2025.03.20_12.47.25,-86.0,6.0,19.679026,WorldPop 2025 total in 1 km square centered on site,not_used_coarser_than_aoi_and_login_required,unknown_not_imputed,10.17632/dx5xyyfz2y.1,cop-dem-glo-30/Copernicus_DSM_COG_10_N03_00_E101_00_DEM,ASF GLO-30 HAND v1,OpenStreetMap contributors / ODbL,WorldPop R2025A 2025 100m
SUNWAY_OPERATOR_C_701688,101.6025813,3.06998171,NR,389.74308109663644,0.256157488,3.6873945614719257,6.924013856764976,,416.86021258837997,,7190.39,Operator C,701688,4G|5G,187,8,2024.12.03_11.30.28,2025.02.14_11.53.32,-85.0,6.0,19.462442,WorldPop 2025 total in 1 km square centered on site,not_used_coarser_than_aoi_and_login_required,unknown_not_imputed,10.17632/dx5xyyfz2y.1,cop-dem-glo-30/Copernicus_DSM_COG_10_N03_00_E101_00_DEM,ASF GLO-30 HAND v1,OpenStreetMap contributors / ODbL,WorldPop R2025A 2025 100m
SUNWAY_OPERATOR_C_701753,101.6106956,3.06652472,NR,272.8721228534028,0.00028,5.220311521299938,15.978066105232305,,758.9207759791477,,8059.36,Operator C,701753,4G|5G,107,4,2024.12.31_11.36.26,2025.03.06_12.27.21,-90.0,6.0,20.747679,WorldPop 2025 total in 1 km square centered on site,not_used_coarser_than_aoi_and_login_required,unknown_not_imputed,10.17632/dx5xyyfz2y.1,cop-dem-glo-30/Copernicus_DSM_COG_10_N03_00_E101_00_DEM,ASF GLO-30 HAND v1,OpenStreetMap contributors / ODbL,WorldPop R2025A 2025 100m
SUNWAY_OPERATOR_C_701775,101.6027111,3.07277511,NR,356.5093726141213,1.119623423,2.1215741289071453,3.636194368461824,,131.37993837448846,,7987.63,Operator C,701775,4G|5G,51,2,2024.12.12_12.04.36,2025.01.07_10.50.14,-81.0,4.0,19.97214,WorldPop 2025 total in 1 km square centered on site,not_used_coarser_than_aoi_and_login_required,unknown_not_imputed,10.17632/dx5xyyfz2y.1,cop-dem-glo-30/Copernicus_DSM_COG_10_N03_00_E101_00_DEM,ASF GLO-30 HAND v1,OpenStreetMap contributors / ODbL,WorldPop R2025A 2025 100m
SUNWAY_OPERATOR_C_701796,101.6047775,3.07315645,NR,320.91522007269526,7e-05,2.014305824881669,4.146506243962917,,317.7472881200115,,7887.9,Operator C,701796,4G|5G,134,2,2024.12.12_11.58.09,2025.01.07_10.56.47,-92.0,8.0,19.747818,WorldPop 2025 total in 1 km square centered on site,not_used_coarser_than_aoi_and_login_required,unknown_not_imputed,10.17632/dx5xyyfz2y.1,cop-dem-glo-30/Copernicus_DSM_COG_10_N03_00_E101_00_DEM,ASF GLO-30 HAND v1,OpenStreetMap contributors / ODbL,WorldPop R2025A 2025 100m
SUNWAY_OPERATOR_C_701806,101.6101976,3.07598075,NR,383.63825069752494,2.179637671,4.588981914750556,5.86841364508085,,17.319003995829355,,7838.99,Operator C,701806,4G|5G,634,11,2024.12.03_11.54.19,2025.03.20_12.43.49,-85.0,6.0,21.09223,WorldPop 2025 total in 1 km square centered on site,not_used_coarser_than_aoi_and_login_required,unknown_not_imputed,10.17632/dx5xyyfz2y.1,cop-dem-glo-30/Copernicus_DSM_COG_10_N03_00_E101_00_DEM,ASF GLO-30 HAND v1,OpenStreetMap contributors / ODbL,WorldPop R2025A 2025 100m
SUNWAY_OPERATOR_C_701866,101.5980033,3.06161728,NR,102.01904756921894,1.677021265,2.1152113117929803,5.983679865739446,,852.6593146430664,,6541.7,Operator C,701866,5G,2,1,2024.12.31_11.50.51,2024.12.31_11.50.52,-104.5,6.0,17.350782,WorldPop 2025 total in 1 km square centered on site,not_used_coarser_than_aoi_and_login_required,unknown_not_imputed,10.17632/dx5xyyfz2y.1,cop-dem-glo-30/Copernicus_DSM_COG_10_N03_00_E101_00_DEM,ASF GLO-30 HAND v1,OpenStreetMap contributors / ODbL,WorldPop R2025A 2025 100m
SUNWAY_OPERATOR_C_701872,101.61202,3.0789034899999996,NR,433.90549262607095,0.68147999,3.475534314288133,5.575848976995154,,115.66355753030766,,7369.85,Operator C,701872,4G|5G,61,4,2024.12.31_11.28.14,2025.03.06_12.32.26,-93.0,6.0,20.904108,WorldPop 2025 total in 1 km square centered on site,not_used_coarser_than_aoi_and_login_required,unknown_not_imputed,10.17632/dx5xyyfz2y.1,cop-dem-glo-30/Copernicus_DSM_COG_10_N03_00_E101_00_DEM,ASF GLO-30 HAND v1,OpenStreetMap contributors / ODbL,WorldPop R2025A 2025 100m
SUNWAY_OPERATOR_C_701888,101.6107861,3.0789034899999996,NR,296.8978620827921,8.381466866,1.5919766767862567,6.256785378411668,,147.41182942612826,,8036.44,Operator C,701888,4G|5G,92,4,2024.12.31_11.32.15,2025.03.06_12.32.00,-89.0,6.0,27.688343,WorldPop 2025 total in 1 km square centered on site,not_used_coarser_than_aoi_and_login_required,unknown_not_imputed,10.17632/dx5xyyfz2y.1,cop-dem-glo-30/Copernicus_DSM_COG_10_N03_00_E101_00_DEM,ASF GLO-30 HAND v1,OpenStreetMap contributors / ODbL,WorldPop R2025A 2025 100m
SUNWAY_OPERATOR_C_701895,101.6123955,3.0789034899999996,NR,475.6169768691159,0.527772427,0.8022271439367415,1.0523406782809896,,100.42478376334783,,8063.88,Operator C,701895,4G|5G,182,4,2024.12.31_11.28.12,2025.03.06_12.33.46,-96.0,8.0,21.14985,WorldPop 2025 total in 1 km square centered on site,not_used_coarser_than_aoi_and_login_required,unknown_not_imputed,10.17632/dx5xyyfz2y.1,cop-dem-glo-30/Copernicus_DSM_COG_10_N03_00_E101_00_DEM,ASF GLO-30 HAND v1,OpenStreetMap contributors / ODbL,WorldPop R2025A 2025 100m
SUNWAY_OPERATOR_C_701905,101.6055148,3.07049259,NR,88.82418237358458,0.0,14.096096098071754,19.57526035598886,,530.1697870269946,,6763.88,Operator C,701905,4G|5G,2078,16,2024.12.03_11.31.23,2025.04.02_14.30.31,-90.0,6.0,7.7408895,WorldPop 2025 total in 1 km square centered on site,not_used_coarser_than_aoi_and_login_required,unknown_not_imputed,10.17632/dx5xyyfz2y.1,cop-dem-glo-30/Copernicus_DSM_COG_10_N03_00_E101_00_DEM,ASF GLO-30 HAND v1,OpenStreetMap contributors / ODbL,WorldPop R2025A 2025 100m
SUNWAY_OPERATOR_C_701911,101.6087852,3.06551172,NR,267.71583617284483,4.552905083,2.1838313701679684,4.123692657912853,,995.2872106775418,,6492.87,Operator C,701911,4G|5G,1004,10,2024.12.04_11.47.40,2025.03.20_12.53.32,-81.0,11.0,21.350883,WorldPop 2025 total in 1 km square centered on site,not_used_coarser_than_aoi_and_login_required,unknown_not_imputed,10.17632/dx5xyyfz2y.1,cop-dem-glo-30/Copernicus_DSM_COG_10_N03_00_E101_00_DEM,ASF GLO-30 HAND v1,OpenStreetMap contributors / ODbL,WorldPop R2025A 2025 100m
SUNWAY_OPERATOR_C_701934,101.5940968,3.05714478,NR,67.66856712592084,0.0,6.508715318256584,11.327477792380582,,506.06008015231777,,5419.3,Operator C,701934,4G|5G,24,3,2024.12.31_11.43.06,2025.03.06_12.16.11,-105.0,3.0,14.027934,WorldPop 2025 total in 1 km square centered on site,not_used_coarser_than_aoi_and_login_required,unknown_not_imputed,10.17632/dx5xyyfz2y.1,cop-dem-glo-30/Copernicus_DSM_COG_10_N03_00_E101_00_DEM,ASF GLO-30 HAND v1,OpenStreetMap contributors / ODbL,WorldPop R2025A 2025 100m
SUNWAY_OPERATOR_C_701949,101.5921127,3.057131570000001,NR,216.2772871984903,2.444796801,1.3118491620908863,2.5683958934516786,,392.5437221752153,,5654.13,Operator C,701949,4G|5G,12,3,2024.12.31_11.48.12,2025.03.06_12.18.40,-103.0,6.0,18.77991,WorldPop 2025 total in 1 km square centered on site,not_used_coarser_than_aoi_and_login_required,unknown_not_imputed,10.17632/dx5xyyfz2y.1,cop-dem-glo-30/Copernicus_DSM_COG_10_N03_00_E101_00_DEM,ASF GLO-30 HAND v1,OpenStreetMap contributors / ODbL,WorldPop R2025A 2025 100m
SUNWAY_OPERATOR_C_701997,101.5981089,3.06166221,NR,90.29812490769456,1.677021265,0.7513969955216485,1.2612532195921393,,851.9432857213034,,6541.7,Operator C,701997,4G|5G,58,6,2024.12.10_13.12.21,2025.03.06_12.22.25,-95.0,6.0,18.22871,WorldPop 2025 total in 1 km square centered on site,not_used_coarser_than_aoi_and_login_required,unknown_not_imputed,10.17632/dx5xyyfz2y.1,cop-dem-glo-30/Copernicus_DSM_COG_10_N03_00_E101_00_DEM,ASF GLO-30 HAND v1,OpenStreetMap contributors / ODbL,WorldPop R2025A 2025 100m
SUNWAY_OPERATOR_C_702000,101.5986784,3.06399857,NR,27.746134615781216,0.149824142,0.7154723639003069,1.9178344269131968,,819.8994777313702,,5781.2,Operator C,702000,4G|5G,46,4,2024.12.31_11.40.33,2025.03.06_12.12.57,-95.0,6.0,18.26298,WorldPop 2025 total in 1 km square centered on site,not_used_coarser_than_aoi_and_login_required,unknown_not_imputed,10.17632/dx5xyyfz2y.1,cop-dem-glo-30/Copernicus_DSM_COG_10_N03_00_E101_00_DEM,ASF GLO-30 HAND v1,OpenStreetMap contributors / ODbL,WorldPop R2025A 2025 100m
SUNWAY_OPERATOR_C_702010,101.5941521,3.057131570000001,NR,67.82368022001111,0.0,6.508715318256584,11.327477792380582,,509.12428625547983,,5419.3,Operator C,702010,4G|5G,161,4,2024.12.31_11.43.17,2025.03.06_12.17.09,-101.0,6.0,14.027934,WorldPop 2025 total in 1 km square centered on site,not_used_coarser_than_aoi_and_login_required,unknown_not_imputed,10.17632/dx5xyyfz2y.1,cop-dem-glo-30/Copernicus_DSM_COG_10_N03_00_E101_00_DEM,ASF GLO-30 HAND v1,OpenStreetMap contributors / ODbL,WorldPop R2025A 2025 100m
SUNWAY_OPERATOR_C_702023,101.5966828,3.06167319,NR,248.82828378508066,4e-05,2.947521399456763,4.124491047075342,,932.7776628389387,,6811.16,Operator C,702023,4G|5G,613,6,2024.12.10_13.12.31,2025.03.20_13.08.06,-90.0,8.0,15.904019,WorldPop 2025 total in 1 km square centered on site,not_used_coarser_than_aoi_and_login_required,unknown_not_imputed,10.17632/dx5xyyfz2y.1,cop-dem-glo-30/Copernicus_DSM_COG_10_N03_00_E101_00_DEM,ASF GLO-30 HAND v1,OpenStreetMap contributors / ODbL,WorldPop R2025A 2025 100m
SUNWAY_OPERATOR_C_702044,101.598582,3.06234283,NR,37.05020332706143,5.232035637,2.61843517734401,4.4681535121648,,900.4718717090351,,6607.49,Operator C,702044,4G|5G,36,4,2024.12.31_11.43.44,2025.03.06_12.13.18,-100.5,8.0,20.354713,WorldPop 2025 total in 1 km square centered on site,not_used_coarser_than_aoi_and_login_required,unknown_not_imputed,10.17632/dx5xyyfz2y.1,cop-dem-glo-30/Copernicus_DSM_COG_10_N03_00_E101_00_DEM,ASF GLO-30 HAND v1,OpenStreetMap contributors / ODbL,WorldPop R2025A 2025 100m
SUNWAY_OPERATOR_C_702063,101.6078638,3.06221024,NR,292.44909276359624,8e-05,4.260910296423792,6.722066474670526,,1085.825469530609,,5961.55,Operator C,702063,4G|5G,193,4,2024.12.10_12.52.21,2025.03.20_13.03.56,-100.0,8.0,-1.0796025,WorldPop 2025 total in 1 km square centered on site,not_used_coarser_than_aoi_and_login_required,unknown_not_imputed,10.17632/dx5xyyfz2y.1,cop-dem-glo-30/Copernicus_DSM_COG_10_N03_00_E101_00_DEM,ASF GLO-30 HAND v1,OpenStreetMap contributors / ODbL,WorldPop R2025A 2025 100m
SUNWAY_OPERATOR_C_702072,101.6016286,3.06529604,NR,135.83816485143493,4.434287071,5.18860171753648,8.085914595853403,,775.9212846787817,,5802.27,Operator C,702072,4G|5G,1625,11,2024.12.03_11.30.19,2025.03.20_13.10.06,-86.0,6.0,19.595497,WorldPop 2025 total in 1 km square centered on site,not_used_coarser_than_aoi_and_login_required,unknown_not_imputed,10.17632/dx5xyyfz2y.1,cop-dem-glo-30/Copernicus_DSM_COG_10_N03_00_E101_00_DEM,ASF GLO-30 HAND v1,OpenStreetMap contributors / ODbL,WorldPop R2025A 2025 100m
SUNWAY_OPERATOR_C_702109,101.6083034,3.07346582,NR,221.04116659527597,7.438750267,6.086384419185742,9.858518297091837,,292.9231086840804,,7802.64,Operator C,702109,4G|5G,163,3,2025.02.14_11.40.26,2025.03.20_12.44.10,-89.0,6.0,25.065243,WorldPop 2025 total in 1 km square centered on site,not_used_coarser_than_aoi_and_login_required,unknown_not_imputed,10.17632/dx5xyyfz2y.1,cop-dem-glo-30/Copernicus_DSM_COG_10_N03_00_E101_00_DEM,ASF GLO-30 HAND v1,OpenStreetMap contributors / ODbL,WorldPop R2025A 2025 100m
SUNWAY_OPERATOR_C_702144,101.5925761,3.057131570000001,LTE,167.83340701437538,0.681285083,0.7116368810367975,1.7376585039633263,,411.0367020916369,,6002.74,Operator C,702144,4G,2,1,2025.01.16_14.07.18,2025.01.16_14.07.18,-94.5,11.0,18.118309,WorldPop 2025 total in 1 km square centered on site,not_used_coarser_than_aoi_and_login_required,unknown_not_imputed,10.17632/dx5xyyfz2y.1,cop-dem-glo-30/Copernicus_DSM_COG_10_N03_00_E101_00_DEM,ASF GLO-30 HAND v1,OpenStreetMap contributors / ODbL,WorldPop R2025A 2025 100m
SUNWAY_OPERATOR_C_702175,101.5939926,3.05783385,NR,142.38225873262323,6e-05,2.568827964055886,5.541291351189138,,558.0616364805917,,6192.97,Operator C,702175,4G|5G,54,5,2024.12.10_13.13.23,2025.03.06_12.19.42,-100.0,8.0,15.977093,WorldPop 2025 total in 1 km square centered on site,not_used_coarser_than_aoi_and_login_required,unknown_not_imputed,10.17632/dx5xyyfz2y.1,cop-dem-glo-30/Copernicus_DSM_COG_10_N03_00_E101_00_DEM,ASF GLO-30 HAND v1,OpenStreetMap contributors / ODbL,WorldPop R2025A 2025 100m
SUNWAY_OPERATOR_C_810850,101.608386,3.07346889,LTE,224.64162892982213,7.438750267,9.446549631010669,10.725441631034661,,298.82495162731965,,7802.64,Operator C,810850,4G,3,1,2024.12.12_11.56.00,2024.12.12_11.56.17,-87.0,6.0,25.363209,WorldPop 2025 total in 1 km square centered on site,not_used_coarser_than_aoi_and_login_required,unknown_not_imputed,10.17632/dx5xyyfz2y.1,cop-dem-glo-30/Copernicus_DSM_COG_10_N03_00_E101_00_DEM,ASF GLO-30 HAND v1,OpenStreetMap contributors / ODbL,WorldPop R2025A 2025 100m
SUNWAY_OPERATOR_C_810851,101.6056583,3.07006163,LTE,53.86776317606917,0.00018,15.666814766029333,21.09262169675696,,574.4465711199073,,6479.78,Operator C,810851,4G,213,4,2024.12.12_12.03.45,2025.01.16_11.29.53,-89.0,6.0,-8.089676,WorldPop 2025 total in 1 km square centered on site,not_used_coarser_than_aoi_and_login_required,unknown_not_imputed,10.17632/dx5xyyfz2y.1,cop-dem-glo-30/Copernicus_DSM_COG_10_N03_00_E101_00_DEM,ASF GLO-30 HAND v1,OpenStreetMap contributors / ODbL,WorldPop R2025A 2025 100m
SUNWAY_OPERATOR_C_810853,101.5943709,3.06151378,LTE,443.7543162940173,3.452495813,9.12212771839297,18.526265460251373,,934.9135493939172,,7011.76,Operator C,810853,4G,3,1,2025.02.14_12.04.26,2025.02.14_12.04.28,-90.0,11.0,21.414223,WorldPop 2025 total in 1 km square centered on site,not_used_coarser_than_aoi_and_login_required,unknown_not_imputed,10.17632/dx5xyyfz2y.1,cop-dem-glo-30/Copernicus_DSM_COG_10_N03_00_E101_00_DEM,ASF GLO-30 HAND v1,OpenStreetMap contributors / ODbL,WorldPop R2025A 2025 100m
SUNWAY_OPERATOR_C_810854,101.6080687,3.06685087,NR,106.75838389342627,9e-05,10.869604080884564,14.77430535957713,,965.8282257500387,,7029.14,Operator C,810854,4G|5G,13,4,2024.12.03_11.39.16,2025.03.06_12.06.56,-97.0,8.0,12.343792,WorldPop 2025 total in 1 km square centered on site,not_used_coarser_than_aoi_and_login_required,unknown_not_imputed,10.17632/dx5xyyfz2y.1,cop-dem-glo-30/Copernicus_DSM_COG_10_N03_00_E101_00_DEM,ASF GLO-30 HAND v1,OpenStreetMap contributors / ODbL,WorldPop R2025A 2025 100m
SUNWAY_OPERATOR_C_810856,101.6102056,3.07577528,LTE,402.5220435901535,2.128911734,3.7157956255951095,5.845441356572216,,23.867862051656793,,7838.99,Operator C,810856,4G,2,1,2024.12.31_11.34.02,2024.12.31_11.34.03,-72.0,6.0,21.3682,WorldPop 2025 total in 1 km square centered on site,not_used_coarser_than_aoi_and_login_required,unknown_not_imputed,10.17632/dx5xyyfz2y.1,cop-dem-glo-30/Copernicus_DSM_COG_10_N03_00_E101_00_DEM,ASF GLO-30 HAND v1,OpenStreetMap contributors / ODbL,WorldPop R2025A 2025 100m
SUNWAY_OPERATOR_C_810857,101.5998876,3.06335717,NR,107.19630744592402,13.647776604,7.569793294073914,13.973842513124234,,909.002143494575,,5970.23,Operator C,810857,4G|5G,172,5,2024.12.10_13.18.24,2025.03.20_13.08.15,-91.0,8.0,32.156116,WorldPop 2025 total in 1 km square centered on site,not_used_coarser_than_aoi_and_login_required,unknown_not_imputed,10.17632/dx5xyyfz2y.1,cop-dem-glo-30/Copernicus_DSM_COG_10_N03_00_E101_00_DEM,ASF GLO-30 HAND v1,OpenStreetMap contributors / ODbL,WorldPop R2025A 2025 100m
SUNWAY_OPERATOR_C_810858,101.5940924,3.05825696,NR,189.63861564044998,2e-05,0.5286619344887504,1.6625386738038879,,602.7382372982584,,6377.35,Operator C,810858,4G|5G,16,2,2024.12.31_11.49.00,2025.03.06_12.19.36,-79.0,7.0,16.322912,WorldPop 2025 total in 1 km square centered on site,not_used_coarser_than_aoi_and_login_required,unknown_not_imputed,10.17632/dx5xyyfz2y.1,cop-dem-glo-30/Copernicus_DSM_COG_10_N03_00_E101_00_DEM,ASF GLO-30 HAND v1,OpenStreetMap contributors / ODbL,WorldPop R2025A 2025 100m
SUNWAY_OPERATOR_C_811172,101.612344,3.0789034899999996,LTE,469.8959243327212,1.173349023,0.8022271439367415,1.0523406782809896,,102.51478868791253,,8063.88,Operator C,811172,4G,5,2,2024.12.31_11.30.55,2025.02.14_11.45.14,-82.0,6.0,21.14985,WorldPop 2025 total in 1 km square centered on site,not_used_coarser_than_aoi_and_login_required,unknown_not_imputed,10.17632/dx5xyyfz2y.1,cop-dem-glo-30/Copernicus_DSM_COG_10_N03_00_E101_00_DEM,ASF GLO-30 HAND v1,OpenStreetMap contributors / ODbL,WorldPop R2025A 2025 100m
SUNWAY_OPERATOR_C_811370,101.594066,3.0604101,LTE,427.3602522172121,9.422801971,21.72236030722409,28.980940082193428,,809.5966450332625,,6178.63,Operator C,811370,4G,26,2,2025.02.14_12.03.59,2025.03.06_12.22.12,-85.0,11.0,32.323868,WorldPop 2025 total in 1 km square centered on site,not_used_coarser_than_aoi_and_login_required,unknown_not_imputed,10.17632/dx5xyyfz2y.1,cop-dem-glo-30/Copernicus_DSM_COG_10_N03_00_E101_00_DEM,ASF GLO-30 HAND v1,OpenStreetMap contributors / ODbL,WorldPop R2025A 2025 100m
SUNWAY_OPERATOR_C_812198,101.6018769,3.0654846,NR,142.05114526164425,5.974019051,2.266884491148918,4.118974527285616,,772.197530475979,,5996.45,Operator C,812198,4G|5G,141,9,2024.12.03_11.34.54,2025.03.20_13.05.35,-82.0,6.0,21.88428,WorldPop 2025 total in 1 km square centered on site,not_used_coarser_than_aoi_and_login_required,unknown_not_imputed,10.17632/dx5xyyfz2y.1,cop-dem-glo-30/Copernicus_DSM_COG_10_N03_00_E101_00_DEM,ASF GLO-30 HAND v1,OpenStreetMap contributors / ODbL,WorldPop R2025A 2025 100m
SUNWAY_OPERATOR_C_816036,101.6083384,3.0734496,LTE,220.71746902781592,7.438750267,9.446549631010669,10.725441631034661,,296.8463451925529,,7802.64,Operator C,816036,4G,13,1,2024.12.12_11.55.34,2024.12.12_11.58.30,-89.0,6.0,25.363209,WorldPop 2025 total in 1 km square centered on site,not_used_coarser_than_aoi_and_login_required,unknown_not_imputed,10.17632/dx5xyyfz2y.1,cop-dem-glo-30/Copernicus_DSM_COG_10_N03_00_E101_00_DEM,ASF GLO-30 HAND v1,OpenStreetMap contributors / ODbL,WorldPop R2025A 2025 100m
SUNWAY_OPERATOR_C_816192,101.5920181,3.057131570000001,NR,226.33339562330113,2.031802416,1.3118491620908863,2.5683958934516786,,389.4986055615892,,5654.13,Operator C,816192,4G|5G,141,3,2024.12.31_11.44.16,2025.03.06_12.19.32,-72.0,6.0,18.77991,WorldPop 2025 total in 1 km square centered on site,not_used_coarser_than_aoi_and_login_required,unknown_not_imputed,10.17632/dx5xyyfz2y.1,cop-dem-glo-30/Copernicus_DSM_COG_10_N03_00_E101_00_DEM,ASF GLO-30 HAND v1,OpenStreetMap contributors / ODbL,WorldPop R2025A 2025 100m
SUNWAY_OPERATOR_C_816442,101.6119641,3.0789034899999996,NR,427.69646122288816,0.68147999,3.475534314288133,5.575848976995154,,117.93212598214592,,8099.66,Operator C,816442,4G|5G,35,1,2024.12.31_11.31.46,2024.12.31_11.32.14,-75.0,8.0,20.904108,WorldPop 2025 total in 1 km square centered on site,not_used_coarser_than_aoi_and_login_required,unknown_not_imputed,10.17632/dx5xyyfz2y.1,cop-dem-glo-30/Copernicus_DSM_COG_10_N03_00_E101_00_DEM,ASF GLO-30 HAND v1,OpenStreetMap contributors / ODbL,WorldPop R2025A 2025 100m
SUNWAY_OPERATOR_C_816443,101.6036778,3.06045136,NR,88.79788868790315,0.0,3.615449107128897,6.016111481132747,,677.2826293454114,,5262.01,Operator C,816443,4G|5G,436,4,2024.12.10_13.12.37,2025.03.20_13.06.21,-92.0,6.0,-1.0346942,WorldPop 2025 total in 1 km square centered on site,not_used_coarser_than_aoi_and_login_required,unknown_not_imputed,10.17632/dx5xyyfz2y.1,cop-dem-glo-30/Copernicus_DSM_COG_10_N03_00_E101_00_DEM,ASF GLO-30 HAND v1,OpenStreetMap contributors / ODbL,WorldPop R2025A 2025 100m
